DROP TABLE IF EXISTS Pegawai;
CREATE TABLE Pegawai (
    NIP INTEGER PRIMARY KEY AUTO_INCREMENT,
    Nama VARCHAR(255) NOT NULL,
    Email VARCHAR(255) NOT NULL UNIQUE,
    No_Telp VARCHAR(255) NOT NULL,
    Jabatan VARCHAR(255),
    Atasan INTEGER DEFAULT NULL,
    FOREIGN KEY (Atasan) REFERENCES Pegawai(NIP) ON DELETE SET NULL
);

INSERT INTO Pegawai(NIP,Nama,Email,No_Telp,Jabatan,Atasan) VALUES
 (1,'Bakiono Dabukke','rinaprakasa@example.com','(008) 766 8775','Health physicist',NULL)
,(2,'Tgk. Hana Gunawan, M.M.','kalimputra@example.com','089 600 2039','Location manager',1)
,(3,'Usman Handayani','respatisamosir@example.net','+62-027-073-1072','Lecturer, higher education',1)
,(4,'Puti Tania Siregar, S.I.Kom','jsuryono@example.com','+62 (346) 383-2579','Museum education officer',3)
,(5,'Cut Vivi Fujiati, M.Ak','kairav73@example.com','+62 (23) 503 7511','Buyer, retail',2)
,(6,'Ida Irawan','zsaputra@example.org','+62 (34) 171-0950','Administrator, Civil Service',NULL)
,(7,'Rika Prakasa','halimahdarijan@example.net','+62 (0572) 932-8448','Community education officer',NULL)
,(8,'Harsaya Adriansyah','banawi71@example.com','(0222) 688-7102','Commercial horticulturist',NULL)
,(9,'drg. Clara Wibowo','bsihotang@example.net','+62-71-641-2269','Midwife',NULL)
,(10,'Rosman Pradana','purwantimaryadi@example.net','+62 (062) 208-9538','Herpetologist',NULL)
,(11,'Drs. Warta Marpaung','kacung38@example.net','+62-0141-359-8661','Health service manager',7)
,(12,'Bakiman Wacana','gsimbolon@example.net','+62 (98) 785-3127','Tourism officer',6)
,(13,'Harsana Halim','gmarpaung@example.com','0837453046','Nurse, mental health',NULL)
,(14,'Kamila Waskita','karmanwinarsih@example.net','085 979 8303','Software engineer',NULL)
,(15,'Yulia Kuswoyo, M.TI.','puti94@example.net','(028) 419-4533','Production assistant, radio',NULL)
,(16,'Hafshah Laksmiwati, S.H.','mahesa19@example.com','0825654439','Radio broadcast assistant',7)
,(17,'Vega Mardhiyah, S.Farm','nadine85@example.org','+62 (043) 030-5349','Teacher, special educational needs',NULL)
,(18,'Wakiman Yuliarti','nwijayanti@example.com','0880497858','Chiropractor',15)
,(19,'Salwa Namaga','thamrinpaiman@example.com','+62 (0266) 737-9821','Arts development officer',NULL)
,(20,'Ciaobella Haryanto','hardiansyahjaka@example.net','+62 (075) 964 9720','Therapist, nutritional',NULL)
,(21,'Sabar Prasetya','jailanizelaya@example.org','+62 (66) 078-1552','Medical sales representative',NULL)
,(22,'KH. Viman Kusmawati','sanggraini@example.com','+62-720-566-1573','Investment analyst',20)
,(23,'Patricia Kusmawati','gusada@example.net','+62-984-583-3006','Science writer',NULL)
,(24,'Jarwa Adriansyah','ewidiastuti@example.org','+62-062-015-1518','Furniture designer',16)
,(25,'Laila Anggriawan','grajata@example.com','+62 (0314) 884 7065','Counselling psychologist',9)
,(26,'Tgk. Kani Zulkarnain, M.Ak','endrasimbolon@example.org','+62 (0200) 832 7028','Financial controller',NULL)
,(27,'Edi Widiastuti, M.Kom.','bakionouyainah@example.org','(0333) 668-5247','Engineer, energy',2)
,(28,'Caket Maulana','melanidwi@example.net','+62 (008) 155-2303','Police officer',6)
,(29,'Mustofa Nainggolan, S.Pt','jessica22@example.org','+62 (600) 513 1029','Geneticist, molecular',NULL)
,(30,'Suci Handayani','irawankarma@example.net','+62 (52) 980 6975','Company secretary',13)
,(31,'Jono Permata','joko72@example.net','(0847) 718-7727','Equality and diversity officer',NULL)
,(32,'Uli Winarsih','ihsanhartati@example.com','+62 (065) 615-9223','Industrial/product designer',16)
,(33,'Anita Pratiwi','tbudiyanto@example.com','+62 (0446) 634 7309','Accounting technician',NULL)
,(34,'Lutfan Pudjiastuti','nadia80@example.net','+62 (55) 721-5130','Acupuncturist',8)
,(35,'Lasmanto Habibi','kaylakuswandari@example.com','+62 (0732) 593 7084','Multimedia specialist',19)
,(36,'drg. Indah Winarno','wacanaluwes@example.net','+62-544-634-0661','Physiotherapist',17)
,(37,'Upik Maulana','aslijan72@example.net','+62 (403) 135 5634','Archaeologist',20)
,(38,'Hardi Firmansyah','omar99@example.com','+62-719-447-9138','Building surveyor',1)
,(39,'drg. Vivi Hardiansyah, S.Gz','ejarajasa@example.org','+62 (0043) 566-0416','Geneticist, molecular',NULL)
,(40,'Ana Hidayanto','hasta26@example.com','+62-738-768-3770','Engineer, maintenance (IT)',NULL)
,(41,'Zulaikha Salahudin','belindajanuar@example.com','+62 (09) 951 7169','Counsellor',27)
,(42,'Nadia Mandasari','nababanratih@example.org','(030) 354-9485','Neurosurgeon',NULL)
,(43,'Bagus Damanik, M.Pd','apalastri@example.net','(0687) 170-6341','Agricultural engineer',NULL)
,(44,'Cawisadi Hasanah','wadi62@example.com','+62-011-460-2398','Sub',30)
,(45,'Mutia Nasyidah','nasrullahhasanah@example.org','085 544 8441','Designer, television/film set',NULL)
,(46,'Dr. Amalia Maryadi, S.E.I','hsitompul@example.net','(0414) 149 9882','Financial adviser',NULL)
,(47,'Dt. Budi Mulyani, M.TI.','mitra54@example.net','(0270) 999 3400','Emergency planning/management officer',NULL)
,(48,'Wirda Rajasa','bahuwirya72@example.net','+62 (0429) 019-4679','Television production assistant',NULL)
,(49,'Elisa Prastuti','hyuliarti@example.net','+62 (056) 122 2767','Child psychotherapist',NULL)
,(50,'Jaswadi Kuswandari','mujurmelani@example.com','(0896) 373 8948','Contracting civil engineer',NULL)
,(51,'Hasna Yuniar, S.Gz','kuncaraiswahyudi@example.com','+62 (25) 070 3087','Community pharmacist',NULL)
,(52,'R. Sabar Yuniar','habibielon@example.org','+62 (78) 767-0732','Police officer',32)
,(53,'Asirwada Putra','gsaefullah@example.com','+62-37-796-7737','Lighting technician, broadcasting/film/video',NULL)
,(54,'Warji Purnawati','umaya18@example.com','+62 (0018) 069-4931','Therapist, sports',8)
,(55,'Viktor Farida','rsuwarno@example.org','+62 (058) 758 3323','Buyer, industrial',30)
,(56,'Virman Hassanah','qwulandari@example.org','+62 (260) 498-7258','Airline pilot',NULL)
,(57,'Wawan Anggriawan','syahrini01@example.org','+62 (0367) 917-2895','Rural practice surveyor',3)
,(58,'Kairav Wijaya, S.Pt','zahra77@example.net','+62 (0942) 549 1281','Nurse, adult',NULL)
,(59,'Ilsa Simanjuntak','budiyantoamalia@example.org','+62 (973) 303-2661','Soil scientist',NULL)
,(60,'Jail Samosir, S.Gz','rmansur@example.org','(0776) 629 9451','Psychotherapist, child',56)
,(61,'Ozy Lazuardi','respati69@example.com','+62-0327-556-4398','Psychologist, sport and exercise',NULL)
,(62,'Siska Usamah','ikinlaksmiwati@example.net','+62-351-044-6798','Community development worker',NULL)
,(63,'Zaenab Utami, M.Farm','zelaya03@example.org','+62 (10) 086-9244','Engineer, mining',7)
,(64,'Zelda Gunawan, M.Pd','hidayatsiska@example.org','+62 (031) 652 5919','Hospital doctor',45)
,(65,'Olivia Halimah','diswahyudi@example.org','+62-54-377-8034','Radio broadcast assistant',15)
,(66,'Salimah Simbolon, S.E.','nugrohopangestu@example.com','(0833) 446 5444','Actor',15)
,(67,'Karya Hasanah','eman00@example.net','+62 (692) 776-7995','Fisheries officer',52)
,(68,'Jamil Astuti','gastuti@example.com','084 395 8198','Radiation protection practitioner',NULL)
,(69,'Adikara Lazuardi','dsitompul@example.net','(080) 204-3468','Facilities manager',NULL)
,(70,'dr. Rina Wahyuni, M.Farm','tpangestu@example.com','(0716) 276-4531','Engineer, automotive',2)
,(71,'Wasis Mansur, M.Ak','kadriansyah@example.org','+62 (911) 769-8671','Radio producer',54)
,(72,'Gatra Rajata, S.E.','bhartati@example.com','(024) 662 0795','Engineer, structural',NULL)
,(73,'Puti Ellis Pudjiastuti, S.Pt','ehartati@example.com','+62 (0662) 315-0086','Mudlogger',2)
,(74,'Gatot Firgantoro','jhutagalung@example.net','+62 (054) 877 4073','Theatre stage manager',NULL)
,(75,'Laila Hasanah, M.TI.','galur38@example.net','+62 (67) 382 1475','Holiday representative',NULL)
,(76,'drg. Budi Adriansyah, M.TI.','purwantikezia@example.net','+62 (0086) 340-8383','Architectural technologist',58)
,(77,'Luthfi Winarno','maulanacatur@example.org','+62 (0384) 667-8495','Designer, graphic',NULL)
,(78,'Dina Wulandari','hardipermata@example.net','0866447417','Site engineer',43)
,(79,'Cut Tina Padmasari, M.M.','waskitacapa@example.org','+62 (04) 080-2516','Press sub',NULL)
,(80,'Violet Andriani','pangestubanara@example.org','+62 (78) 501 2016','Politician''s assistant',NULL)
,(81,'Tari Saefullah, M.Kom.','irasamosir@example.net','+62-24-086-0079','Product designer',16)
,(82,'Mila Yuliarti, M.Ak','ianmansur@example.org','+62 (072) 612 0203','Educational psychologist',NULL)
,(83,'Yusuf Maulana','gnurdiyanti@example.org','+62 (035) 172-7221','English as a second language teacher',NULL)
,(84,'Dian Mayasari','dadap45@example.net','+62 (264) 560 4490','Associate Professor',28)
,(85,'Hj. Elisa Permata, S.I.Kom','waluyofirgantoro@example.org','+62 (041) 077 3018','Amenity horticulturist',6)
,(86,'Amelia Kuswoyo','pradanaanita@example.net','+62 (913) 850 2787','Fast food restaurant manager',18)
,(87,'Qori Tarihoran','nasim83@example.net','+62 (0783) 353 9065','Armed forces technical officer',83)
,(88,'Anastasia Permata, S.Ked','mangunsongika@example.com','+62 (103) 442 9549','Financial manager',53)
,(89,'Daliono Rajasa','uwasita@example.net','+62 (434) 100-2557','Investment analyst',NULL)
,(90,'KH. Nyana Narpati','mursita79@example.com','(052) 321-5556','General practice doctor',NULL)
,(91,'Luhung Yuniar','marsito31@example.net','+62 (00) 400 6260','Customer service manager',51)
,(92,'Luwes Haryanti','hwastuti@example.com','(0732) 987-9648','Call centre manager',NULL)
,(93,'Daru Pradipta','rwinarsih@example.net','+62 (066) 600 3597','Dentist',36)
,(94,'Agus Sirait','wacanabahuraksa@example.org','(008) 814 4332','Chief Marketing Officer',71)
,(95,'Gangsa Rahayu','zwastuti@example.net','(0772) 428 1987','Operational researcher',NULL)
,(96,'T. Ganda Sudiati','sakurapurnawati@example.org','+62 (405) 989 9820','Museum education officer',NULL)
,(97,'Tgk. Bakiman Yuniar','slamet70@example.net','(092) 003-8938','Tree surgeon',63)
,(98,'Empluk Tarihoran','ulailasari@example.com','+62-553-220-1388','Physiotherapist',NULL)
,(99,'Indah Kurniawan','amalia60@example.net','085 854 2021','Legal secretary',69)
,(100,'Rina Pranowo','rahmisihotang@example.com','+62 (0718) 267-1539','Catering manager',51);



DROP TABLE IF EXISTS Pelanggan;
CREATE TABLE Pelanggan (
    NIK INTEGER PRIMARY KEY AUTO_INCREMENT,
    Nama VARCHAR(255) NOT NULL,
    Email VARCHAR(255) NOT NULL UNIQUE,
    No_Telp VARCHAR(255) NOT NULL
);

INSERT INTO Pelanggan (NIK, Nama, Email, No_Telp) VALUES
(1, 'R. Rika Irawan', 'maryatiwisnu@example.org', '+62-006-124-1259'),
(2, 'Langgeng Sihotang', 'akarsana01@example.net', '+62 (0254) 605 7024'),
(3, 'Sutan Kala Siregar, M.Ak', 'umansur@example.com', '+62 (43) 921 6167'),
(4, 'Zizi Sinaga, S.E.I', 'setya27@example.org', '(039) 916 9416'),
(5, 'Reksa Wijayanti', 'estiawanmegantara@example.net', '+62 (0882) 898 3048'),
(6, 'Cahyono Dabukke', 'wutama@example.org', '+62 (048) 074 1739'),
(7, 'Ulya Sitompul', 'jindrawulandari@example.com', '+62 (0196) 111-5718'),
(8, 'Drs. Sakura Salahudin', 'pdabukke@example.net', '+62-092-098-6623'),
(9, 'Elvina Maryadi', 'hassanahmala@example.org', '(081) 474 6595'),
(10, 'Bella Widiastuti', 'suryonodalima@example.net', '0854097440'),
(11, 'Dasa Mayasari', 'prabakusumo@example.org', '(078) 157 4617'),
(12, 'Tgk. Elvina Wasita, M.TI.', 'dian86@example.com', '(003) 746 7791'),
(13, 'Damar Pratama', 'gandiusamah@example.org', '(033) 552-1494'),
(14, 'Hj. Kartika Najmudin', 'palastricahya@example.com', '+62 (064) 528 5851'),
(15, 'Koko Situmorang', 'luthfi11@example.com', '+62 (0526) 324 0800'),
(16, 'Dr. Cindy Firmansyah', 'nilam66@example.net', '+62 (498) 862-6747'),
(17, 'Warsa Halimah', 'novitasarijaya@example.org', '(043) 325-2624'),
(18, 'R.A. Ulya Januar', 'gilangmardhiyah@example.org', '+62 (78) 383-2693'),
(19, 'Ajimin Maheswara, S.Kom', 'mulyono43@example.net', '+62 (0296) 171-2158'),
(20, 'Jasmin Wibisono', 'gunartosamiah@example.org', '+62 (0006) 734-5066'),
(21, 'Ibrahim Winarno', 'mandasarihafshah@example.com', '(021) 051 7208'),
(22, 'Dr. Adhiarja Wijaya', 'syuniar@example.org', '+62 (0974) 902 7422'),
(23, 'drg. Agnes Widiastuti, S.Farm', 'budi77@example.org', '+62-076-887-6790'),
(24, 'dr. Balijan Wahyudin, S.Kom', 'talia31@example.org', '(0401) 153 9831'),
(25, 'Padmi Damanik', 'vpermadi@example.com', '+62-0454-793-6531'),
(26, 'Nalar Firmansyah', 'prakasaupik@example.net', '+62 (062) 910-8790'),
(27, 'Tgk. Rika Padmasari', 'marbunmurti@example.com', '+62 (66) 158-2093'),
(28, 'Sutan Gara Sihotang', 'gaimanrahimah@example.org', '+62-710-170-1862'),
(29, 'Hadi Laksmiwati', 'mandasariophelia@example.net', '+62 (0425) 919-2323'),
(30, 'Tgk. Halim Pradana, S.IP', 'darmana82@example.net', '(0724) 480-6184'),
(31, 'Simon Sudiati', 'wirda54@example.net', '+62 (47) 849-5406'),
(32, 'Prasetyo Wastuti', 'hadi41@example.com', '(0292) 050 5391'),
(33, 'drg. Yuni Prayoga', 'azalea26@example.com', '+62 (0622) 063 5657'),
(34, 'Cagak Santoso', 'darmantowinarsih@example.org', '+62 (98) 006-3836'),
(35, 'Cawuk Maulana, S.E.I', 'hastutigaiman@example.com', '+62 (0671) 030-2898'),
(36, 'Hj. Gawati Nasyiah', 'karta76@example.org', '+62-0060-440-1358'),
(37, 'Nardi Pudjiastuti', 'qsuryono@example.net', '080 374 5050'),
(38, 'Paris Sihombing', 'simanjuntakbambang@example.org', '+62 (95) 310 0303'),
(39, 'Sutan Waluyo Fujiati', 'ibrahim89@example.com', '(031) 829-3267'),
(40, 'Dr. Baktiadi Purwanti, M.M.', 'nbudiman@example.org', '+62-98-604-2200'),
(41, 'Vicky Anggraini', 'primahassanah@example.org', '+62 (91) 971 6050'),
(42, 'Sutan Ghani Lestari, S.IP', 'xtarihoran@example.com', '+62 (51) 743-0500'),
(43, 'Rachel Siregar', 'ganep62@example.org', '0828163721'),
(44, 'Queen Jailani, S.E.I', 'agus77@example.net', '+62 (0949) 101-7002'),
(45, 'Maryadi Siregar', 'dalimanirawan@example.com', '(0190) 917-0666'),
(46, 'Drajat Maulana', 'ridwan54@example.net', '(0356) 292 7343'),
(47, 'H. Hendra Puspasari, S.E.', 'amangunsong@example.org', '0866466417'),
(48, 'R.M. Okto Fujiati, S.E.I', 'tarimustofa@example.org', '0853653648'),
(49, 'Lulut Andriani, S.T.', 'opheliayuniar@example.com', '0803442438'),
(50, 'Ian Prabowo', 'kurniawansakti@example.org', '(076) 719 1117');

DROP TABLE IF EXISTS Peminjaman;
CREATE TABLE Peminjaman (
    ID_Peminjaman INTEGER PRIMARY KEY AUTO_INCREMENT,
    Status_Peminjaman ENUM('Rented', 'Pending', 'Returned') NOT NULL,
    Tanggal_Peminjaman DATE NOT NULL DEFAULT (CURRENT_DATE),
    Tanggal_Pengembalian DATE NOT NULL DEFAULT (CURRENT_DATE + INTERVAL 1 DAY)
);

INSERT INTO Peminjaman (ID_Peminjaman, Status_Peminjaman, Tanggal_Peminjaman, Tanggal_Pengembalian) VALUES
(1, 'Pending', '2024-05-16', '2024-05-24'),
(2, 'Returned', '2024-04-17', '2024-04-20'),
(3, 'Rented', '2024-04-11', '2024-05-17'),
(4, 'Pending', '2024-05-26', '2024-05-28'),
(5, 'Returned', '2024-04-15', '2024-04-17'),
(6, 'Returned', '2024-04-13', '2024-04-28'),
(7, 'Returned', '2024-04-10', '2024-04-20'),
(8, 'Pending', '2024-05-27', '2024-05-27'),
(9, 'Returned', '2024-04-16', '2024-04-17'),
(10, 'Pending', '2024-06-02', '2024-06-02'),
(11, 'Returned', '2024-04-11', '2024-04-24'),
(12, 'Returned', '2024-04-26', '2024-04-29'),
(13, 'Pending', '2024-05-08', '2024-05-19'),
(14, 'Pending', '2024-05-24', '2024-05-26'),
(15, 'Returned', '2024-04-19', '2024-04-24'),
(16, 'Returned', '2024-04-18', '2024-04-30'),
(17, 'Returned', '2024-04-28', '2024-05-02'),
(18, 'Pending', '2024-05-23', '2024-05-30'),
(19, 'Pending', '2024-05-07', '2024-05-13'),
(20, 'Returned', '2024-04-11', '2024-04-25'),
(21, 'Rented', '2024-04-14', '2024-05-18'),
(22, 'Returned', '2024-04-04', '2024-04-21'),
(23, 'Returned', '2024-04-15', '2024-04-23'),
(24, 'Rented', '2024-04-23', '2024-05-26'),
(25, 'Rented', '2024-05-02', '2024-05-16'),
(26, 'Pending', '2024-05-25', '2024-05-27'),
(27, 'Returned', '2024-04-16', '2024-04-25'),
(28, 'Pending', '2024-05-18', '2024-05-18'),
(29, 'Returned', '2024-04-06', '2024-04-12'),
(30, 'Pending', '2024-06-02', '2024-06-02'),
(31, 'Returned', '2024-04-16', '2024-04-23'),
(32, 'Pending', '2024-05-25', '2024-05-29'),
(33, 'Rented', '2024-04-04', '2024-05-20'),
(34, 'Rented', '2024-05-01', '2024-05-29'),
(35, 'Returned', '2024-04-19', '2024-04-22'),
(36, 'Rented', '2024-04-24', '2024-05-15'),
(37, 'Returned', '2024-04-06', '2024-04-22'),
(38, 'Returned', '2024-04-27', '2024-04-27'),
(39, 'Returned', '2024-05-02', '2024-05-02'),
(40, 'Returned', '2024-04-06', '2024-04-29'),
(41, 'Returned', '2024-04-10', '2024-04-26'),
(42, 'Returned', '2024-04-28', '2024-04-29'),
(43, 'Returned', '2024-04-23', '2024-04-24'),
(44, 'Rented', '2024-05-01', '2024-06-02'),
(45, 'Pending', '2024-05-11', '2024-05-27'),
(46, 'Pending', '2024-05-12', '2024-05-12'),
(47, 'Rented', '2024-04-08', '2024-05-24'),
(48, 'Rented', '2024-04-30', '2024-06-02'),
(49, 'Pending', '2024-05-10', '2024-05-23'),
(50, 'Rented', '2024-04-18', '2024-05-10'),
(51, 'Returned', '2024-04-24', '2024-04-26'),
(52, 'Rented', '2024-04-09', '2024-05-24'),
(53, 'Pending', '2024-05-21', '2024-06-01'),
(54, 'Returned', '2024-04-20', '2024-04-28'),
(55, 'Rented', '2024-04-06', '2024-05-22'),
(56, 'Pending', '2024-05-12', '2024-05-21'),
(57, 'Returned', '2024-04-27', '2024-05-02'),
(58, 'Rented', '2024-04-16', '2024-05-31'),
(59, 'Returned', '2024-04-09', '2024-04-14'),
(60, 'Rented', '2024-04-18', '2024-05-27'),
(61, 'Pending', '2024-05-22', '2024-05-25'),
(62, 'Returned', '2024-04-26', '2024-04-28'),
(63, 'Rented', '2024-04-21', '2024-05-24'),
(64, 'Rented', '2024-04-12', '2024-05-18'),
(65, 'Rented', '2024-04-12', '2024-05-19'),
(66, 'Pending', '2024-05-14', '2024-05-14'),
(67, 'Returned', '2024-04-14', '2024-05-01'),
(68, 'Pending', '2024-05-26', '2024-05-30'),
(69, 'Returned', '2024-04-14', '2024-04-21'),
(70, 'Rented', '2024-04-06', '2024-05-30'),
(71, 'Pending', '2024-05-26', '2024-06-02'),
(72, 'Rented', '2024-04-13', '2024-05-16'),
(73, 'Returned', '2024-04-29', '2024-05-01'),
(74, 'Rented', '2024-05-01', '2024-05-06'),
(75, 'Returned', '2024-04-07', '2024-04-08'),
(76, 'Returned', '2024-04-19', '2024-04-30'),
(77, 'Returned', '2024-04-29', '2024-04-29'),
(78, 'Returned', '2024-04-14', '2024-04-27'),
(79, 'Returned', '2024-04-08', '2024-04-12'),
(80, 'Rented', '2024-04-07', '2024-05-14'),
(81, 'Returned', '2024-05-02', '2024-05-02'),
(82, 'Returned', '2024-04-23', '2024-04-29'),
(83, 'Pending', '2024-06-02', '2024-06-02'),
(84, 'Returned', '2024-04-16', '2024-04-21'),
(85, 'Returned', '2024-04-23', '2024-04-26'),
(86, 'Returned', '2024-04-05', '2024-04-27'),
(87, 'Rented', '2024-04-29', '2024-05-20'),
(88, 'Rented', '2024-04-27', '2024-05-07'),
(89, 'Pending', '2024-05-05', '2024-05-29'),
(90, 'Pending', '2024-05-06', '2024-05-18'),
(91, 'Rented', '2024-04-16', '2024-05-29'),
(92, 'Pending', '2024-05-25', '2024-05-28'),
(93, 'Pending', '2024-05-31', '2024-06-01'),
(94, 'Returned', '2024-05-02', '2024-05-02'),
(95, 'Pending', '2024-05-29', '2024-06-01'),
(96, 'Pending', '2024-05-06', '2024-05-16'),
(97, 'Rented', '2024-04-10', '2024-05-31'),
(98, 'Returned', '2024-04-15', '2024-04-28'),
(99, 'Rented', '2024-04-27', '2024-06-01'),
(100, 'Returned', '2024-04-29', '2024-05-02');


DROP TABLE IF EXISTS Pelayanan;
CREATE TABLE Pelayanan (
    NIP INTEGER,
    ID_Peminjaman INTEGER,
    NIK INTEGER,
    PRIMARY KEY (NIP, ID_Peminjaman, NIK),
    FOREIGN KEY (NIP) REFERENCES Pegawai(NIP) ON DELETE CASCADE,
    FOREIGN KEY (ID_Peminjaman) REFERENCES Peminjaman(ID_Peminjaman) ON DELETE CASCADE,
    FOREIGN KEY (NIK) REFERENCES Pelanggan(NIK) ON DELETE CASCADE
);

INSERT INTO Pelayanan (NIP, ID_Peminjaman, NIK) VALUES
 (3,70,38)
,(7,91,6)
,(48,35,1)
,(47,23,35)
,(56,22,46)
,(58,24,43)
,(85,13,42)
,(83,48,17)
,(50,31,16)
,(40,11,39)
,(82,94,20)
,(58,100,43)
,(75,77,19)
,(91,63,34)
,(44,98,47)
,(24,37,31)
,(57,27,22)
,(38,19,22)
,(58,57,23)
,(64,93,25)
,(87,41,41)
,(73,64,2)
,(18,64,45)
,(62,48,17)
,(76,18,15)
,(68,97,3)
,(83,22,26)
,(12,91,29)
,(96,97,23)
,(98,34,48)
,(59,69,19)
,(36,36,22)
,(38,96,47)
,(68,9,30)
,(74,67,40)
,(59,24,35)
,(76,12,27)
,(54,94,30)
,(65,67,43)
,(89,41,10)
,(33,38,42)
,(16,70,37)
,(70,89,49)
,(10,36,39)
,(99,29,29)
,(45,43,31)
,(84,70,8)
,(96,43,40)
,(6,86,15)
,(6,50,28)
,(50,49,45)
,(69,13,16)
,(15,49,13)
,(34,100,26)
,(53,12,49)
,(47,31,3)
,(76,91,25)
,(89,72,28)
,(2,29,33)
,(65,97,14)
,(43,36,49)
,(53,42,18)
,(90,59,26)
,(17,93,3)
,(14,6,3)
,(58,17,18)
,(87,74,13)
,(61,87,30)
,(56,97,18)
,(70,9,15)
,(69,54,7)
,(17,68,50)
,(60,16,27)
,(37,48,1)
,(53,31,4)
,(28,47,8)
,(41,63,27)
,(28,93,48)
,(59,61,21)
,(71,70,42)
,(29,15,35)
,(26,71,23)
,(7,89,37)
,(24,42,48)
,(77,12,9)
,(29,19,41)
,(48,87,34)
,(59,37,16)
,(47,7,4)
,(12,66,50)
,(96,84,33)
,(40,89,44)
,(49,72,49)
,(42,70,22)
,(82,60,29)
,(75,60,17)
,(78,15,47)
,(72,97,35)
,(59,27,41)
,(5,4,27);


DROP TABLE IF EXISTS Kendaraan;
CREATE TABLE Kendaraan (
    ID_Kendaraan INTEGER PRIMARY KEY AUTO_INCREMENT,
    Merek VARCHAR(255) NOT NULL,
    Plat VARCHAR(11) NOT NULL,
    Tipe_Mesin ENUM('Electric', 'Non-Electric') NOT NULL
);

INSERT INTO Kendaraan (Plat, Merek, Tipe_Mesin) VALUES
('U 950 IO', 'Porsche', 'Non-Electric'),
('L 244 EO', 'Smart', 'Non-Electric'),
('MA 0275 JC', 'Land Rover', 'Non-Electric'),
('E 293 IP', 'Land Rover', 'Electric'),
('N 1733 ECI', 'Jaguar', 'Non-Electric'),
('DB 8042 OKD', 'Jaguar', 'Non-Electric'),
('M 9130 JRK', 'Jaguar', 'Non-Electric'),
('O 4983 OVA', 'Renault', 'Non-Electric'),
('OD 354 VSN', 'Mini', 'Electric'),
('FH 6298 IC', 'Lotus', 'Non-Electric'),
('R 8794 KMS', 'Porsche', 'Non-Electric'),
('U 0201 FNP', 'Aston Martin', 'Electric'),
('PK 6983 IRO', 'Bentley', 'Electric'),
('I 9232 DL', 'Dacia', 'Electric'),
('C 770 QU', 'Seat', 'Non-Electric'),
('A 8049 WJ', 'Renault', 'Non-Electric'),
('J 138 UKP', 'Mini', 'Electric'),
('X 2625 PK', 'Jaguar', 'Non-Electric'),
('D 403 LP', 'Maserati', 'Non-Electric'),
('Q 674 OM', 'Porsche', 'Non-Electric'),
('BG 9894 WFV', 'Dacia', 'Electric'),
('B 4042 KL', 'Hyundai', 'Electric'),
('UP 4010 VG', 'Jaguar', 'Electric'),
('HA 7113 GQ', 'Maserati', 'Electric'),
('ME 1921 MFX', 'Bentley', 'Electric'),
('JH 4481 RV', 'Mercedes-Benz', 'Non-Electric'),
('KS 5193 QNX', 'Rolls-Royce', 'Non-Electric'),
('O 7844 DXN', 'Dacia', 'Electric'),
('MO 911 QE', 'Hyundai', 'Non-Electric'),
('FS 5908 NQH', 'Subaru', 'Electric'),
('YF 7828 BFI', 'McLaren', 'Electric'),
('A 6121 EAL', 'Rolls-Royce', 'Non-Electric'),
('L 435 XIO', 'Rolls-Royce', 'Non-Electric'),
('RS 7701 HJG', 'Bugatti', 'Electric'),
('UM 024 AYR', 'Mitsubishi', 'Non-Electric'),
('JE 380 BH', 'Jaguar', 'Electric'),
('K 972 MND', 'Rolls-Royce', 'Non-Electric'),
('F 601 WQ', 'Suzuki', 'Non-Electric'),
('XH 939 GY', 'Lamborghini', 'Non-Electric'),
('A 417 ND', 'Alfa Romeo', 'Electric'),
('BQ 634 KFM', 'Land Rover', 'Electric'),
('J 790 NC', 'Bentley', 'Non-Electric'),
('XR 614 JP', 'Citroen', 'Non-Electric'),
('O 723 WP', 'Lotus', 'Electric'),
('T 596 XF', 'Mini', 'Electric'),
('JH 537 DHW', 'Renault', 'Electric'),
('W 8306 UB', 'Aston Martin', 'Non-Electric'),
('HY 918 ZWY', 'Dacia', 'Electric'),
('VQ 944 ZZO', 'Citroen', 'Non-Electric'),
('QU 728 SEY', 'Rolls-Royce', 'Electric'),
('GU 9957 HOB', 'Opel', 'Electric'),
('QD 338 ETJ', 'Lamborghini', 'Non-Electric'),
('SM 2272 ENY', 'Toyota', 'Non-Electric'),
('BD 445 YA', 'Porsche', 'Electric'),
('X 6014 UAF', 'Peugeot', 'Electric'),
('LQ 4584 BM', 'Ford', 'Non-Electric'),
('ND 897 CO', 'Honda', 'Non-Electric'),
('XG 806 GOM', 'Kawasaki', 'Non-Electric'),
('TM 7925 MYE', 'Jeep', 'Electric'),
('Z 051 VZ', 'Bentley', 'Electric'),
('VP 099 OVG', 'Dacia', 'Electric'),
('U 711 EXN', 'Bugatti', 'Non-Electric'),
('GX 9029 VB', 'Lamborghini', 'Electric'),
('A 962 XTQ', 'Bentley', 'Non-Electric'),
('Z 2866 CB', 'Ferrari', 'Electric'),
('OE 5176 YW', 'Alfa Romeo', 'Electric'),
('Y 4395 WMT', 'Bugatti', 'Electric'),
('ZW 531 BT', 'Lamborghini', 'Electric'),
('XN 619 EFN', 'Mini', 'Electric'),
('CQ 544 ATF', 'Renault', 'Non-Electric'),
('V 171 AJ', 'Volkswagen', 'Electric'),
('AR 656 GY', 'Smart', 'Non-Electric'),
('W 8990 AV', 'McLaren', 'Electric'),
('EP 099 JLD', 'Fiat', 'Electric'),
('S 7802 FQA', 'Isuzu', 'Electric'),
('CW 062 NT', 'Ferrari', 'Non-Electric'),
('DH 506 BXV', 'Ford', 'Electric'),
('CT 9106 HCI', 'Ferrari', 'Electric'),
('YK 538 ATL', 'Lexus', 'Electric'),
('S 8894 MYU', 'Maserati', 'Non-Electric'),
('XG 8795 ZK', 'Dacia', 'Non-Electric'),
('B 4990 WK', 'Opel', 'Electric'),
('ZF 7509 LUQ', 'McLaren', 'Electric'),
('C 521 SU', 'Mazda', 'Electric'),
('HS 224 KM', 'Porsche', 'Electric'),
('T 403 VY', 'Bugatti', 'Electric'),
('V 370 ST', 'Lamborghini', 'Electric'),
('E 178 GEY', 'Volvo', 'Electric'),
('O 6806 KVQ', 'Volvo', 'Electric'),
('ZF 358 CLY', 'Mazda', 'Non-Electric'),
('HC 225 LU', 'Bentley', 'Non-Electric'),
('NP 5211 FDL', 'Fiat', 'Electric'),
('MV 4581 QN', 'Fiat', 'Electric'),
('B 686 DRK', 'Land Rover', 'Electric'),
('FV 212 ZF', 'Rolls-Royce', 'Electric'),
('PX 7594 UJQ', 'Jeep', 'Non-Electric'),
('IT 5063 UT', 'Maserati', 'Electric'),
('ZO 857 CZ', 'Bugatti', 'Electric'),
('J 395 GGM', 'Jeep', 'Non-Electric'),
('W 6499 RC', 'Citroen', 'Electric'),
('WZ 3212 DD', 'McLaren', 'Non-Electric'),
('OI 459 HM', 'Aston Martin', 'Non-Electric'),
('LB 9197 VXS', 'Rolls-Royce', 'Non-Electric'),
('W 8923 IFC', 'Alfa Romeo', 'Non-Electric'),
('BW 627 COK', 'Volkswagen', 'Electric'),
('CD 669 TS', 'Subaru', 'Electric'),
('M 909 JIG', 'Volvo', 'Non-Electric'),
('YV 756 PBI', 'Peugeot', 'Non-Electric'),
('AS 268 LG', 'Citroen', 'Electric'),
('Z 9374 WZY', 'Aston Martin', 'Non-Electric'),
('VH 8767 BWJ', 'Dacia', 'Non-Electric'),
('Z 0252 PP', 'Land Rover', 'Electric'),
('IW 1458 CM', 'Honda', 'Electric'),
('G 0072 VAU', 'Rolls-Royce', 'Electric'),
('MT 398 YPI', 'Aston Martin', 'Non-Electric'),
('Z 4233 GU', 'Bentley', 'Non-Electric'),
('WL 730 YCT', 'Ferrari', 'Non-Electric'),
('LC 397 FGJ', 'Alfa Romeo', 'Non-Electric'),
('SE 517 FKL', 'Mitsubishi', 'Electric'),
('QY 1937 HW', 'Peugeot', 'Electric'),
('A 124 SA', 'Seat', 'Non-Electric'),
('B 043 WVB', 'Jeep', 'Electric'),
('FU 195 VCQ', 'KIA', 'Non-Electric'),
('P 0535 KR', 'Lamborghini', 'Electric'),
('WA 065 XMN', 'Rolls-Royce', 'Non-Electric'),
('IM 328 HXU', 'Skoda', 'Non-Electric'),
('E 6781 KIL', 'Jeep', 'Electric'),
('Y 3401 VZ', 'Dacia', 'Non-Electric'),
('H 498 IRF', 'Jaguar', 'Non-Electric'),
('G 434 RXC', 'McLaren', 'Non-Electric'),
('D 440 PGN', 'Bentley', 'Electric'),
('PU 685 TE', 'Skoda', 'Non-Electric'),
('FQ 148 GIM', 'Peugeot', 'Non-Electric'),
('K 4642 BB', 'Dacia', 'Electric'),
('JC 3391 CZM', 'Lamborghini', 'Non-Electric'),
('EH 880 DS', 'Rolls-Royce', 'Non-Electric'),
('FL 8686 CS', 'Land Rover', 'Electric'),
('V 6020 IUB', 'Alfa Romeo', 'Electric'),
('LS 645 TZ', 'Ferrari', 'Non-Electric'),
('JF 668 ZA', 'Mercedes-Benz', 'Non-Electric'),
('NF 5190 DPI', 'Rolls-Royce', 'Electric'),
('B 834 VH', 'Skoda', 'Non-Electric'),
('N 414 HNY', 'Volvo', 'Non-Electric'),
('T 9355 JT', 'Volvo', 'Non-Electric'),
('F 5805 FI', 'Lamborghini', 'Non-Electric'),
('MI 5081 DH', 'Volvo', 'Electric'),
('BB 323 NM', 'Fiat', 'Non-Electric'),
('O 6104 JD', 'Land Rover', 'Non-Electric'),
('AJ 2815 ZQ', 'Rolls-Royce', 'Non-Electric'),
('JL 141 AS', 'Lotus', 'Electric'),
('IC 3464 QKU', 'Porsche', 'Non-Electric'),
('G 8585 BNC', 'Peugeot', 'Non-Electric'),
('PB 982 XWS', 'Land Rover', 'Non-Electric'),
('CF 6337 BIL', 'Kawasaki', 'Non-Electric'),
('V 5303 TAT', 'Citroen', 'Non-Electric'),
('UL 9414 HFS', 'Ferrari', 'Non-Electric'),
('WV 7706 RN', 'Kawasaki', 'Electric'),
('P 6693 HEV', 'Renault', 'Electric'),
('YQ 7001 WC', 'Mercedes-Benz', 'Non-Electric'),
('QP 032 EJ', 'Bugatti', 'Electric'),
('DI 993 WHC', 'Bugatti', 'Non-Electric'),
('UZ 895 KC', 'Aston Martin', 'Non-Electric'),
('V 585 WYA', 'Peugeot', 'Electric'),
('D 014 SKO', 'Citroen', 'Non-Electric'),
('RA 093 ZSR', 'Lamborghini', 'Non-Electric'),
('D 6476 GJW', 'Citroen', 'Electric'),
('CR 6397 CA', 'Land Rover', 'Electric'),
('O 7820 EA', 'Bentley', 'Non-Electric'),
('LN 4631 KHB', 'Porsche', 'Electric'),
('Z 3921 TP', 'Ford', 'Electric'),
('M 202 RF', 'Lamborghini', 'Electric'),
('FZ 1092 UD', 'Bugatti', 'Non-Electric'),
('U 005 MG', 'Citroen', 'Electric'),
('O 3169 FJA', 'Renault', 'Electric'),
('W 2819 RB', 'Honda', 'Electric'),
('IZ 052 KO', 'Nissan', 'Non-Electric'),
('A 123 BB', 'Opel', 'Non-Electric'),
('IW 698 OL', 'Lotus', 'Non-Electric'),
('S 540 EKB', 'Porsche', 'Electric'),
('ZI 238 NB', 'Seat', 'Non-Electric'),
('QX 587 RZ', 'Maserati', 'Electric'),
('M 587 MZ', 'Volvo', 'Non-Electric'),
('HK 9873 XL', 'Fiat', 'Electric'),
('NA 382 FJ', 'Ferrari', 'Electric'),
('H 065 ABK', 'Jaguar', 'Non-Electric'),
('FK 753 PD', 'Toyota', 'Electric'),
('I 8611 ZK', 'Alfa Romeo', 'Electric'),
('P 983 RNQ', 'Volkswagen', 'Electric'),
('YE 1366 UM', 'Hyundai', 'Electric'),
('MY 0757 KU', 'Ferrari', 'Electric'),
('W 2177 AH', 'Lotus', 'Electric'),
('KX 3292 RVU', 'Alfa Romeo', 'Electric'),
('CF 4619 MB', 'Smart', 'Non-Electric'),
('XO 9894 DNH', 'Seat', 'Electric'),
('VC 791 GS', 'Rolls-Royce', 'Electric'),
('GC 771 IT', 'Alfa Romeo', 'Non-Electric'),
('U 0699 YR', 'Alfa Romeo', 'Electric'),
('KY 956 SW', 'Aston Martin', 'Non-Electric'),
('LA 3814 RKB', 'Skoda', 'Electric'),
('GW 198 AEV', 'Rolls-Royce', 'Electric'),
('H 4611 HW', 'Jaguar', 'Non-Electric'),
('IR 376 SKI', 'Toyota', 'Electric'),
('O 0578 ZPD', 'Peugeot', 'Non-Electric'),
('CJ 9498 TND', 'Peugeot', 'Non-Electric'),
('W 917 KKV', 'Skoda', 'Non-Electric'),
('TW 7620 ZT', 'Alfa Romeo', 'Electric'),
('YB 1603 RUG', 'Bentley', 'Non-Electric'),
('ZH 1423 ORQ', 'Volkswagen', 'Non-Electric'),
('C 110 LKE', 'Ferrari', 'Non-Electric'),
('GP 509 YM', 'Bugatti', 'Electric'),
('ES 452 PP', 'Rolls-Royce', 'Non-Electric'),
('X 439 KV', 'Volvo', 'Non-Electric'),
('D 871 LEB', 'Volvo', 'Non-Electric'),
('X 8833 CD', 'Jeep', 'Electric'),
('L 6672 QY', 'Dacia', 'Non-Electric'),
('V 233 CF', 'Volvo', 'Electric'),
('SK 887 FGA', 'Mini', 'Electric'),
('SK 2486 BX', 'Lotus', 'Electric'),
('BW 906 IEG', 'Alfa Romeo', 'Non-Electric'),
('CP 7822 NHE', 'Opel', 'Electric'),
('T 8562 SOB', 'Maserati', 'Non-Electric'),
('V 1889 BZ', 'Lamborghini', 'Non-Electric'),
('J 231 IV', 'Seat', 'Electric'),
('KP 551 CP', 'Volkswagen', 'Non-Electric'),
('V 707 PG', 'Volvo', 'Electric'),
('MN 353 OL', 'Audi', 'Electric'),
('LG 9487 JAC', 'Porsche', 'Non-Electric'),
('B 3642 IAB', 'Skoda', 'Non-Electric'),
('A 0544 GT', 'Bugatti', 'Electric'),
('PW 7616 KIF', 'Bentley', 'Electric'),
('VY 3103 EK', 'Citroen', 'Non-Electric'),
('ZZ 903 PH', 'Volvo', 'Electric'),
('NO 570 PEU', 'Bentley', 'Non-Electric'),
('Y 5027 WY', 'Aston Martin', 'Electric'),
('UV 341 NH', 'Mini', 'Non-Electric'),
('PD 315 NI', 'Aston Martin', 'Non-Electric'),
('FE 825 YUW', 'Bugatti', 'Non-Electric'),
('GV 368 JF', 'Ferrari', 'Non-Electric'),
('J 3950 PXY', 'Lotus', 'Electric'),
('VM 073 AP', 'Ford', 'Electric'),
('T 872 EK', 'Daihatsu', 'Non-Electric'),
('T 445 BA', 'Mercedes-Benz', 'Non-Electric'),
('N 573 LI', 'Jaguar', 'Non-Electric'),
('R 5404 WOV', 'Toyota', 'Electric'),
('MZ 5327 QIK', 'Jeep', 'Electric'),
('NL 0884 QR', 'Mini', 'Non-Electric'),
('ZN 5431 AB', 'Audi', 'Non-Electric'),
('YN 4384 KY', 'Porsche', 'Non-Electric'),
('PF 792 QK', 'Lexus', 'Electric'),
('X 8629 MI', 'Peugeot', 'Non-Electric');

DROP TABLE IF EXISTS Detail_Peminjaman;
CREATE TABLE Detail_Peminjaman (
    ID_Peminjaman INTEGER,
    ID_Kendaraan INTEGER,
    Jumlah INTEGER NOT NULL,
    Total_Harga INTEGER NOT NULL,
    PRIMARY KEY (ID_Peminjaman, ID_Kendaraan),
    FOREIGN KEY (ID_Peminjaman) REFERENCES Peminjaman(ID_Peminjaman) ON DELETE CASCADE,
    FOREIGN KEY (ID_Kendaraan) REFERENCES Kendaraan(ID_Kendaraan) ON DELETE CASCADE
);

INSERT INTO Detail_Peminjaman (ID_Peminjaman, ID_Kendaraan, Total_Harga, Jumlah) VALUES
(8, 32, 749000, 4),
(30, 137, 363000, 10),
(83, 234, 836000, 5),
(39, 214, 545000, 1),
(37, 14, 661000, 7),
(24, 26, 770000, 9),
(18, 11, 430000, 2),
(11, 70, 133000, 7),
(34, 26, 494000, 1),
(56, 145, 314000, 5),
(38, 127, 251000, 3),
(94, 32, 625000, 3),
(49, 146, 612000, 7),
(1, 120, 204000, 7),
(71, 233, 266000, 6),
(30, 136, 483000, 6),
(93, 208, 299000, 9),
(47, 236, 124000, 8),
(99, 162, 545000, 9),
(36, 47, 959000, 4),
(95, 226, 176000, 1),
(36, 9, 808000, 10),
(19, 65, 601000, 10),
(24, 126, 637000, 6),
(23, 54, 528000, 8),
(79, 202, 601000, 7),
(2, 102, 274000, 3),
(79, 188, 252000, 9),
(54, 133, 420000, 4),
(69, 187, 244000, 2),
(12, 169, 115000, 7),
(6, 228, 956000, 5),
(54, 86, 339000, 4),
(45, 243, 642000, 5),
(47, 96, 537000, 3),
(93, 190, 374000, 9),
(10, 7, 696000, 4),
(15, 183, 416000, 10),
(68, 213, 250000, 6),
(34, 82, 523000, 8),
(70, 65, 535000, 8),
(31, 27, 533000, 8),
(83, 88, 536000, 7),
(47, 112, 618000, 5),
(11, 216, 170000, 2),
(43, 116, 109000, 7),
(79, 51, 170000, 7),
(18, 168, 372000, 6),
(30, 111, 602000, 9),
(27, 222, 729000, 9),
(46, 71, 653000, 8),
(80, 68, 104000, 4),
(13, 227, 823000, 10),
(9, 191, 536000, 5),
(86, 192, 755000, 3),
(99, 131, 281000, 5),
(67, 55, 766000, 8),
(90, 64, 470000, 4),
(83, 80, 666000, 5),
(62, 154, 914000, 9),
(10, 202, 649000, 5),
(92, 34, 853000, 4),
(87, 127, 672000, 1),
(77, 3, 898000, 8),
(77, 16, 220000, 2),
(13, 242, 782000, 10),
(74, 116, 371000, 2),
(25, 75, 636000, 2),
(29, 53, 451000, 10),
(16, 201, 556000, 5),
(15, 118, 887000, 6),
(47, 70, 583000, 1),
(51, 135, 305000, 9),
(83, 23, 658000, 8),
(66, 169, 183000, 3),
(38, 124, 482000, 3),
(86, 87, 997000, 4),
(56, 211, 295000, 1),
(14, 10, 148000, 3),
(82, 34, 629000, 2),
(13, 12, 806000, 7),
(83, 218, 227000, 10),
(51, 127, 472000, 1),
(92, 224, 412000, 5),
(71, 6, 179000, 3),
(81, 184, 846000, 10),
(52, 145, 443000, 6),
(5, 117, 146000, 10),
(47, 26, 283000, 6),
(26, 246, 302000, 6),
(9, 135, 753000, 4),
(85, 169, 205000, 8),
(95, 249, 719000, 8),
(17, 148, 132000, 7),
(9, 245, 710000, 8),
(36, 89, 523000, 8),
(51, 42, 475000, 5),
(31, 85, 935000, 2),
(98, 93, 117000, 9),
(52, 113, 921000, 7),
(74, 167, 1000000, 10),
(18, 152, 704000, 9),
(83, 245, 829000, 1),
(9, 81, 433000, 7),
(22, 213, 144000, 1),
(82, 14, 566000, 2),
(22, 134, 952000, 10),
(71, 98, 402000, 4),
(22, 189, 125000, 4),
(37, 123, 128000, 3),
(87, 8, 565000, 9),
(35, 205, 289000, 7),
(47, 87, 658000, 8),
(87, 76, 751000, 1),
(37, 37, 784000, 2),
(9, 110, 407000, 4),
(48, 202, 550000, 3),
(23, 128, 889000, 5),
(20, 94, 866000, 8),
(67, 154, 540000, 7),
(31, 113, 666000, 2),
(42, 187, 556000, 7),
(5, 191, 200000, 8),
(53, 246, 446000, 7),
(49, 164, 143000, 3),
(34, 21, 823000, 5),
(21, 72, 821000, 10),
(20, 191, 699000, 9),
(59, 238, 245000, 10),
(56, 233, 518000, 1),
(59, 163, 222000, 4),
(66, 168, 823000, 10),
(14, 207, 202000, 9),
(76, 218, 696000, 8),
(36, 219, 736000, 3),
(32, 68, 558000, 10),
(67, 13, 722000, 1),
(96, 233, 602000, 5),
(46, 241, 315000, 2),
(53, 144, 501000, 4),
(84, 116, 937000, 3),
(56, 110, 132000, 1),
(72, 14, 392000, 6),
(74, 43, 310000, 2),
(73, 224, 782000, 2),
(79, 137, 165000, 4),
(60, 190, 942000, 7),
(95, 215, 703000, 6),
(67, 205, 778000, 6),
(79, 111, 244000, 4),
(90, 141, 229000, 3),
(81, 137, 784000, 9),
(14, 186, 902000, 10),
(81, 249, 879000, 6),
(11, 118, 195000, 1),
(33, 128, 868000, 5),
(12, 109, 284000, 9),
(18, 43, 894000, 1),
(26, 161, 258000, 4),
(49, 206, 966000, 4),
(36, 103, 620000, 8),
(95, 126, 986000, 2),
(30, 192, 911000, 4),
(21, 171, 116000, 4),
(18, 229, 909000, 6),
(15, 136, 335000, 4),
(79, 160, 759000, 4),
(78, 205, 661000, 10),
(95, 247, 884000, 5),
(92, 228, 655000, 3),
(32, 106, 439000, 6),
(92, 144, 957000, 7),
(95, 250, 769000, 10),
(9, 186, 131000, 9),
(1, 48, 986000, 7),
(36, 211, 819000, 8),
(97, 175, 273000, 8),
(45, 134, 445000, 5),
(66, 222, 248000, 6),
(15, 215, 299000, 1),
(2, 129, 626000, 3),
(91, 20, 271000, 2),
(58, 184, 362000, 4),
(61, 249, 299000, 3),
(86, 188, 167000, 7),
(22, 179, 469000, 2),
(7, 127, 785000, 9),
(78, 88, 198000, 1),
(94, 31, 521000, 7),
(46, 146, 868000, 2),
(20, 164, 194000, 7),
(53, 207, 983000, 7),
(29, 57, 536000, 6),
(58, 229, 488000, 3),
(37, 74, 979000, 5),
(6, 110, 866000, 4),
(99, 95, 122000, 2),
(82, 91, 473000, 6),
(56, 32, 226000, 1),
(39, 180, 280000, 5);


DROP TABLE IF EXISTS Mobil;
CREATE TABLE Mobil (
    ID_Kendaraan INTEGER PRIMARY KEY,
    Jumlah_Kursi INTEGER NOT NULL,
    Kelas ENUM('Normal', 'SUV', 'Vans') NOT NULL,
    FOREIGN KEY (ID_Kendaraan) REFERENCES Kendaraan(ID_Kendaraan) ON DELETE CASCADE
);

INSERT INTO Mobil (ID_Kendaraan, Jumlah_Kursi, Kelas) VALUES
(208, 2, 'Normal'),
(1, 4, 'Vans'),
(221, 5, 'Normal'),
(97, 4, 'Normal'),
(60, 4, 'Vans'),
(9, 7, 'Normal'),
(138, 3, 'SUV'),
(126, 2, 'Normal'),
(147, 4, 'Normal'),
(55, 2, 'Vans'),
(145, 6, 'Normal'),
(248, 8, 'SUV'),
(101, 3, 'Normal'),
(216, 2, 'Normal'),
(165, 4, 'SUV'),
(230, 3, 'Normal'),
(37, 6, 'SUV'),
(244, 3, 'Vans'),
(78, 8, 'Vans'),
(59, 4, 'Normal'),
(100, 3, 'Normal'),
(90, 8, 'SUV'),
(29, 8, 'Vans'),
(54, 5, 'SUV'),
(33, 7, 'Normal'),
(173, 2, 'SUV'),
(28, 7, 'Normal'),
(114, 3, 'Normal'),
(152, 8, 'Normal'),
(150, 7, 'Normal'),
(119, 6, 'Vans'),
(220, 8, 'Normal'),
(243, 2, 'Normal'),
(13, 7, 'Vans'),
(84, 7, 'SUV'),
(39, 2, 'Normal'),
(154, 4, 'SUV'),
(172, 4, 'Normal'),
(210, 3, 'Normal'),
(195, 8, 'SUV'),
(52, 3, 'SUV'),
(168, 4, 'SUV'),
(94, 4, 'SUV'),
(229, 3, 'Vans'),
(80, 3, 'SUV'),
(160, 7, 'SUV'),
(7, 4, 'Normal'),
(188, 4, 'Vans'),
(214, 4, 'SUV'),
(180, 8, 'Normal'),
(44, 6, 'Vans'),
(247, 6, 'SUV'),
(75, 8, 'Vans'),
(46, 6, 'SUV'),
(130, 5, 'Vans'),
(242, 5, 'SUV'),
(122, 8, 'Vans'),
(58, 3, 'Normal'),
(163, 2, 'Vans'),
(98, 6, 'Vans'),
(63, 3, 'Normal'),
(238, 7, 'Normal'),
(212, 8, 'Normal'),
(40, 6, 'Normal'),
(111, 7, 'SUV'),
(107, 4, 'Normal'),
(133, 6, 'SUV'),
(237, 2, 'Normal'),
(65, 4, 'Normal'),
(158, 6, 'Vans'),
(207, 8, 'SUV'),
(226, 7, 'Vans'),
(68, 3, 'Normal'),
(23, 8, 'Vans'),
(21, 3, 'Vans'),
(10, 2, 'SUV'),
(217, 5, 'Normal'),
(51, 4, 'Vans'),
(187, 3, 'Normal'),
(236, 5, 'Normal'),
(189, 7, 'SUV'),
(224, 5, 'Normal'),
(31, 7, 'Normal'),
(139, 3, 'Vans'),
(85, 7, 'Normal'),
(176, 5, 'Normal'),
(72, 7, 'Normal'),
(144, 8, 'Normal'),
(47, 2, 'SUV'),
(169, 4, 'Normal'),
(121, 8, 'Normal'),
(129, 4, 'Normal'),
(134, 5, 'Normal'),
(77, 4, 'SUV'),
(155, 2, 'Vans'),
(35, 4, 'Vans'),
(99, 3, 'Normal'),
(153, 4, 'Normal'),
(109, 7, 'Vans'),
(74, 5, 'Vans'),
(184, 8, 'Normal'),
(88, 2, 'Vans'),
(198, 6, 'Vans'),
(57, 8, 'SUV'),
(132, 6, 'Vans'),
(62, 6, 'Vans'),
(127, 3, 'SUV'),
(108, 5, 'Vans'),
(131, 3, 'Normal'),
(76, 3, 'SUV'),
(143, 2, 'Normal'),
(142, 8, 'SUV'),
(113, 5, 'Normal'),
(89, 5, 'Normal'),
(185, 3, 'Vans'),
(246, 4, 'SUV'),
(203, 2, 'Vans'),
(117, 8, 'SUV'),
(116, 5, 'SUV'),
(183, 4, 'Normal'),
(93, 5, 'SUV'),
(104, 7, 'Normal'),
(125, 7, 'Vans'),
(32, 4, 'Vans'),
(135, 6, 'Vans');

DROP TABLE IF EXISTS Motor;
CREATE TABLE Motor (
    ID_Kendaraan INTEGER PRIMARY KEY,
    Kapasitas_Mesin INTEGER NOT NULL,
    FOREIGN KEY (ID_Kendaraan) REFERENCES Kendaraan(ID_Kendaraan) ON DELETE CASCADE
);

INSERT INTO Motor (ID_Kendaraan, Kapasitas_Mesin) VALUES
(6, 500),
(14, 600),
(34, 700),
(123, 700),
(106, 200),
(50, 800),
(15, 700),
(22, 500),
(61, 300),
(211, 700),
(219, 300),
(241, 500),
(222, 800),
(140, 600),
(42, 500),
(82, 700),
(36, 700),
(178, 900),
(87, 100),
(102, 200),
(120, 600),
(30, 300),
(24, 800),
(227, 600),
(19, 600),
(8, 500),
(115, 300),
(70, 400),
(66, 400),
(137, 100),
(193, 500),
(164, 900),
(12, 300),
(213, 100),
(69, 800),
(96, 800),
(71, 500),
(16, 200),
(103, 100),
(45, 400),
(79, 400),
(151, 800),
(86, 300),
(197, 200),
(105, 200),
(118, 400),
(2, 300),
(56, 800),
(240, 200),
(186, 300),
(124, 500),
(157, 800),
(95, 500),
(234, 400),
(148, 1000),
(192, 200),
(200, 600),
(231, 400),
(162, 100),
(166, 500),
(232, 200),
(206, 500),
(4, 600),
(209, 900),
(177, 200),
(249, 600),
(20, 300),
(83, 400),
(202, 500),
(191, 900),
(239, 700),
(11, 700),
(128, 600),
(156, 500),
(41, 600),
(199, 700),
(48, 600),
(171, 700),
(225, 200),
(196, 900),
(26, 200),
(190, 500),
(64, 300),
(27, 600),
(245, 1000),
(17, 700),
(67, 300),
(223, 600),
(18, 100),
(215, 600),
(38, 600),
(141, 300),
(25, 200),
(136, 700),
(194, 600),
(201, 900),
(149, 400),
(181, 200),
(110, 800),
(146, 900),
(233, 400),
(161, 700),
(182, 600),
(81, 400),
(170, 300),
(53, 600),
(112, 800),
(92, 700),
(175, 700),
(235, 200),
(91, 400),
(73, 300),
(204, 300),
(218, 900),
(179, 200),
(167, 900),
(174, 200),
(3, 900),
(5, 400),
(159, 700),
(43, 200),
(49, 200),
(228, 900),
(250, 800),
(205, 1000);

DROP TABLE IF EXISTS Perusahaan;
CREATE TABLE Perusahaan (
    ID_Perusahaan INTEGER PRIMARY KEY AUTO_INCREMENT,
    Nama VARCHAR(255) NOT NULL
);

INSERT INTO Perusahaan (Nama) VALUES
('CV Thamrin Wahyudin Tbk'),
('CV Mulyani Melani (Persero) Tbk'),
('PD Sihombing Usamah Tbk'),
('PD Hasanah Nasyidah (Persero) Tbk'),
('Perum Lestari (Persero) Tbk'),
('Perum Sihotang Sitompul (Persero) Tbk'),
('PT Mahendra Tbk'),
('Perum Waluyo (Persero) Tbk'),
('UD Pranowo'),
('UD Sirait Dabukke'),
('PT Pranowo Laksita'),
('PT Mayasari Puspasari'),
('PT Wacana'),
('PD Tarihoran (Persero) Tbk'),
('CV Kusumo Marbun (Persero) Tbk'),
('UD Gunarto'),
('CV Halimah Pranowo'),
('Perum Safitri Suryatmi (Persero) Tbk'),
('UD Fujiati Prakasa'),
('UD Hartati Puspita Tbk'),
('PD Kuswandari'),
('PT Laksmiwati Mustofa (Persero) Tbk'),
('PT Habibi Firmansyah Tbk'),
('CV Mayasari Tbk'),
('PT Rahimah Wibowo'),
('Perum Widiastuti Thamrin Tbk'),
('Perum Purwanti'),
('CV Marpaung (Persero) Tbk'),
('PT Nurdiyanti Maryati Tbk'),
('PT Lestari Suryono Tbk'),
('CV Handayani'),
('Perum Riyanti'),
('CV Hutasoit (Persero) Tbk'),
('PD Yuliarti'),
('PD Wahyuni Tbk'),
('PD Hartati Tbk'),
('PT Rajasa Tbk'),
('UD Habibi Adriansyah'),
('UD Padmasari'),
('Perum Fujiati Utami'),
('PD Maryadi'),
('CV Firmansyah Hidayat Tbk'),
('CV Utami Tbk'),
('Perum Latupono Iswahyudi'),
('UD Hardiansyah Winarno Tbk'),
('PD Pranowo'),
('PT Hartati Dabukke'),
('Perum Prastuti Sitorus'),
('PT Halimah'),
('CV Budiyanto Mansur'),
('PT Kusumo'),
('UD Prakasa Tbk'),
('PD Mahendra (Persero) Tbk'),
('PT Riyanti Tbk'),
('Perum Natsir'),
('PD Yuliarti Tbk'),
('UD Mustofa'),
('Perum Anggraini Tbk'),
('PT Sihotang'),
('CV Simanjuntak Prasetyo'),
('PT Manullang Tbk'),
('Perum Wastuti Dongoran Tbk'),
('Perum Wibowo (Persero) Tbk'),
('CV Suryatmi'),
('PD Puspita Tbk'),
('CV Hastuti Laksmiwati'),
('PD Riyanti Pratama Tbk'),
('UD Santoso Zulkarnain Tbk'),
('PD Wijayanti Permadi'),
('PT Hartati Nashiruddin Tbk'),
('PT Tampubolon (Persero) Tbk'),
('Perum Tamba Anggraini'),
('CV Mansur Oktaviani'),
('CV Maulana'),
('PD Samosir Tbk'),
('Perum Marpaung'),
('UD Simanjuntak (Persero) Tbk'),
('Perum Namaga Kuswandari Tbk'),
('UD Uwais Tbk'),
('PT Prabowo Tbk'),
('PD Pertiwi (Persero) Tbk'),
('CV Rajasa Dongoran'),
('UD Tampubolon'),
('PT Hidayat Tbk'),
('CV Thamrin Natsir Tbk'),
('PT Wijayanti'),
('Perum Najmudin (Persero) Tbk'),
('UD Palastri'),
('UD Haryanto Padmasari (Persero) Tbk'),
('Perum Rajasa Tbk'),
('Perum Safitri Susanti'),
('PD Wibisono'),
('CV Hariyah'),
('UD Wastuti'),
('PT Wastuti Wulandari (Persero) Tbk'),
('PT Nuraini'),
('UD Yolanda'),
('PD Januar Tbk'),
('CV Siregar Hutasoit Tbk'),
('CV Fujiati'),
('CV Pertiwi Astuti (Persero) Tbk'),
('PT Usada Siregar Tbk'),
('UD Firmansyah'),
('PT Napitupulu (Persero) Tbk'),
('PD Halimah'),
('PT Wulandari Hidayat'),
('PT Sinaga Prastuti Tbk'),
('UD Mulyani Tbk'),
('UD Mansur Palastri Tbk'),
('CV Wasita Winarno'),
('PD Napitupulu (Persero) Tbk'),
('Perum Handayani Wacana'),
('PD Hakim Tbk'),
('PT Rajata Wulandari (Persero) Tbk'),
('PT Manullang Sinaga'),
('UD Nababan'),
('Perum Firmansyah Tbk'),
('PT Prasetyo Halim'),
('PT Wulandari Tbk'),
('Perum Sudiati Pratama'),
('PD Yuliarti Pratama'),
('PD Dongoran'),
('PT Nababan Tbk'),
('PT Hassanah Usamah (Persero) Tbk'),
('PD Puspita'),
('PT Firmansyah'),
('PD Widodo Aryani'),
('Perum Wibisono (Persero) Tbk'),
('Perum Haryanto Suwarno (Persero) Tbk'),
('CV Kuswoyo Tbk'),
('CV Haryanti'),
('Perum Thamrin Pranowo Tbk'),
('PT Nainggolan'),
('PT Susanti Samosir'),
('Perum Sihombing'),
('CV Rahayu'),
('UD Pangestu Tbk'),
('PT Adriansyah Fujiati Tbk'),
('Perum Wibowo Sitorus (Persero) Tbk'),
('PT Rahayu Tbk'),
('PD Sinaga Tbk'),
('UD Mahendra Tbk'),
('PT Natsir Lailasari'),
('CV Nurdiyanti (Persero) Tbk'),
('Perum Nasyiah Tbk'),
('CV Prayoga (Persero) Tbk'),
('CV Wastuti'),
('UD Yuniar Namaga Tbk'),
('Perum Tamba Hartati (Persero) Tbk'),
('Perum Farida');

DROP TABLE IF EXISTS Kontak;
CREATE TABLE Kontak (
    ID_Perusahaan INTEGER,
    Kontak VARCHAR(255) NOT NULL,
    PRIMARY KEY (ID_Perusahaan, Kontak),
    FOREIGN KEY (ID_Perusahaan) REFERENCES Perusahaan(ID_Perusahaan) ON DELETE CASCADE
);

INSERT INTO Kontak (ID_Perusahaan, Kontak) VALUES
(33, '+62 (008) 002 6423'),
(48, '+62 (0429) 781-5301'),
(49, '+62-0175-401-1740'),
(48, '+62 (0588) 141 6910'),
(30, '+62 (436) 463 0990'),
(8, '+62-01-220-8476'),
(47, '(056) 666-2501'),
(32, '+62 (73) 405-8147'),
(33, '+62 (39) 851 9685'),
(21, '+62 (0496) 378 4074'),
(6, '+62 (075) 130 8006'),
(47, '+62 (289) 041 2512'),
(9, '0807168443'),
(9, '(0946) 000-2121'),
(11, '+62 (0023) 830-3172'),
(23, '+62 (0151) 198-6875'),
(29, '+62 (853) 117-0387'),
(2, '+62 (020) 189 0857'),
(23, '+62 (005) 767-6747'),
(41, '+62 (493) 289-8104'),
(14, '+62 (038) 882 4213'),
(1, '+62 (019) 086-6988'),
(24, '+62-098-521-7037'),
(46, '0899507282'),
(18, '(0636) 079 2987'),
(16, '0831865234'),
(18, '(0812) 151-9892'),
(45, '+62 (957) 246-6933'),
(24, '+62 (529) 703-8517'),
(50, '(0077) 584 8343'),
(22, '+62 (070) 532 9918'),
(50, '+62 (0093) 020 3572'),
(47, '+62 (0793) 057-1145'),
(40, '+62-514-513-7162'),
(34, '(009) 558 0266'),
(34, '+62-013-400-1247'),
(9, '082 700 8090'),
(31, '+62 (0216) 482 8630'),
(6, '+62-0392-808-3465'),
(46, '+62-0918-116-3482'),
(19, '(0826) 065-8268'),
(49, '(0020) 621-9582'),
(4, '+62-0204-005-7337'),
(7, '0836567869'),
(48, '+62 (0961) 791-1121'),
(34, '+62 (73) 327-9687'),
(2, '0800521199'),
(39, '(066) 631 7124'),
(47, '+62 (09) 845-0473'),
(38, '+62 (0743) 974 7542'),
(5, '+62-607-374-6456'),
(9, '+62 (69) 361 0941'),
(49, '+62 (687) 891-8951'),
(31, '+62-0125-813-9958'),
(36, '+62 (64) 860-7805'),
(14, '+62 (701) 525-9566'),
(1, '0882613574'),
(47, '+62-026-766-2065'),
(30, '+62 (0927) 613 3330'),
(9, '+62-0316-426-7725'),
(42, '+62 (11) 996-3207'),
(22, '+62-91-823-4841'),
(16, '0829627682'),
(17, '+62 (027) 014 7780'),
(5, '+62 (0621) 881 5447'),
(48, '(054) 538 9546'),
(26, '(0870) 487-4384'),
(2, '(0509) 557-7106'),
(5, '+62-09-704-5127'),
(40, '+62 (56) 606-8602'),
(40, '(0288) 583-2896'),
(20, '+62-040-214-7467'),
(14, '+62 (286) 062-5860'),
(19, '(0102) 423 9802'),
(31, '(0061) 239-5970'),
(35, '+62 (86) 078 7830'),
(2, '(049) 202-0156'),
(28, '(0914) 148 3050'),
(31, '+62 (026) 072-7380'),
(28, '(0848) 425 5212'),
(23, '+62 (079) 428-4981'),
(32, '(035) 471-2833'),
(33, '+62-28-774-4143'),
(8, '085 396 4688'),
(42, '+62 (052) 866-6822'),
(50, '0805625923'),
(25, '+62 (000) 944 5994'),
(32, '+62 (702) 226-4456'),
(38, '+62-71-920-1764'),
(12, '+62 (297) 264 1501'),
(8, '+62 (48) 642-6481'),
(15, '0812463536'),
(15, '(0935) 748-5167'),
(31, '+62-774-682-2474'),
(10, '+62 (090) 085-9192'),
(27, '+62 (784) 980 9222'),
(19, '0880505023'),
(21, '+62 (611) 105-8388'),
(16, '+62 (73) 165 1353'),
(42, '0866541644'),
(43, '(066) 446 4534'),
(32, '+62 (0219) 810-8373'),
(1, '(0583) 828-1553'),
(45, '(0058) 813 4236'),
(47, '+62 (0870) 518-3204'),
(34, '+62 (208) 954-9333'),
(3, '+62 (935) 734-4716'),
(38, '+62-0804-220-7813'),
(44, '0846644970'),
(28, '+62-432-817-7595'),
(18, '(014) 687 3720'),
(3, '+62 (628) 975-3792'),
(45, '+62-0138-293-2456'),
(46, '+62 (0832) 056-2661'),
(19, '+62-307-496-2277'),
(13, '+62 (78) 991 5338'),
(46, '+62-070-590-7421'),
(31, '(045) 869-4537'),
(27, '+62 (72) 599 6353'),
(9, '081 587 2778'),
(49, '+62-08-934-0516'),
(9, '+62 (906) 434-5042'),
(47, '(008) 096-0895'),
(50, '(0183) 580-1861'),
(42, '(063) 505 6618'),
(12, '+62-54-379-9313'),
(27, '+62 (46) 344-0807'),
(8, '+62 (030) 868 7229'),
(6, '(0492) 687-2130'),
(39, '(054) 630-9374'),
(29, '+62-029-364-8939'),
(21, '+62 (82) 703-4104'),
(10, '+62 (569) 864 2068'),
(33, '+62 (50) 987 1056'),
(28, '+62-083-663-9953'),
(4, '(0801) 123-3828'),
(18, '+62 (032) 437 5969'),
(14, '+62-0409-599-2589'),
(6, '+62 (0100) 916-5496'),
(36, '(0715) 205 4408'),
(19, '0842301733'),
(33, '+62 (441) 012-6650'),
(49, '+62 (099) 905 2102'),
(31, '(0556) 836-1291'),
(47, '+62 (085) 589-0892'),
(35, '+62 (009) 879 9799'),
(38, '+62 (430) 438-2344'),
(44, '+62-394-236-7959'),
(35, '+62 (48) 155-2383'),
(42, '(086) 175-5555');

DROP TABLE IF EXISTS Perusahaan_Perawatan;
CREATE TABLE Perusahaan_Perawatan (
    ID_Perusahaan INTEGER PRIMARY KEY,
    Spesialisasi VARCHAR(255) NOT NULL,
    FOREIGN KEY (ID_Perusahaan) REFERENCES Perusahaan(ID_Perusahaan) ON DELETE CASCADE
);

INSERT INTO Perusahaan_Perawatan (ID_Perusahaan, Spesialisasi) VALUES
(47, 'Kelistrikan'),
(80, 'Ban'),
(140, 'Filter'),
(41, 'Overhaul'),
(60, 'Overhaul'),
(106, 'Rem'),
(26, 'Rem'),
(55, 'Cleaning'),
(54, 'Mesin'),
(59, 'Knalpot'),
(122, 'Rem'),
(84, 'Tune-Up'),
(150, 'Kelistrikan'),
(90, 'Cleaning'),
(112, 'Rem'),
(67, 'Lampu'),
(127, 'Kaki-Kaki'),
(23, 'Filter'),
(79, 'Karburator'),
(40, 'Kopling'),
(123, 'Rem'),
(145, 'Kaki-Kaki'),
(135, 'Pelek'),
(49, 'Kaki-Kaki'),
(132, 'Mesin'),
(51, 'Kopling'),
(46, 'Rem'),
(138, 'Kopling'),
(119, 'Rem'),
(124, 'Tune-Up'),
(66, 'Rem'),
(52, 'Mesin'),
(25, 'Pelek'),
(20, 'Knalpot'),
(82, 'Kaki-Kaki'),
(36, 'Mesin'),
(99, 'Tune-Up'),
(71, 'Karburator'),
(44, 'Filter'),
(4, 'Overhaul'),
(13, 'Kaki-Kaki'),
(146, 'Tune-Up'),
(100, 'Cleaning'),
(147, 'Overhaul'),
(64, 'Kelistrikan'),
(131, 'Karburator'),
(7, 'Overhaul'),
(116, 'Overhaul'),
(35, 'Filter'),
(98, 'Overhaul'),
(31, 'Overhaul'),
(75, 'Cat'),
(120, 'Oli'),
(105, 'Tune-Up'),
(8, 'Kaki-Kaki'),
(125, 'Karburator'),
(9, 'Tune-Up'),
(22, 'Rem'),
(93, 'Pelek'),
(115, 'Kelistrikan'),
(18, 'Filter'),
(96, 'Tune-Up'),
(101, 'Tune-Up'),
(88, 'Tune-Up'),
(118, 'Oli'),
(134, 'Mesin'),
(91, 'Oli'),
(70, 'Cleaning'),
(32, 'Cat'),
(73, 'Rem'),
(56, 'Lampu'),
(142, 'Kelistrikan'),
(95, 'Kaki-Kaki'),
(109, 'Kelistrikan'),
(144, 'Ban');

DROP TABLE IF EXISTS Perusahaan_Asuransi;
CREATE TABLE Perusahaan_Asuransi (
    ID_Perusahaan INTEGER PRIMARY KEY,
    FOREIGN KEY (ID_Perusahaan) REFERENCES Perusahaan(ID_Perusahaan) ON DELETE CASCADE
);

INSERT INTO Perusahaan_Asuransi (ID_Perusahaan) VALUES
(69),
(141),
(139),
(133),
(37),
(126),
(97),
(102),
(2),
(34),
(104),
(87),
(81),
(42),
(72),
(58),
(39),
(89),
(148),
(86),
(143),
(103),
(5),
(33),
(108),
(24),
(121),
(14),
(53),
(110),
(48),
(62),
(68),
(128),
(16),
(61),
(113),
(21),
(50),
(130),
(129),
(65),
(92),
(111),
(11),
(57),
(28),
(83),
(10),
(15),
(74),
(63),
(30),
(43),
(38),
(6),
(114),
(78),
(17),
(29),
(149),
(1),
(45),
(3),
(107),
(19),
(137),
(76),
(27),
(85),
(77),
(117),
(136),
(12),
(94);

DROP TABLE IF EXISTS Layanan;
CREATE TABLE Layanan (
    ID_Layanan INTEGER PRIMARY KEY AUTO_INCREMENT,
    Biaya INTEGER NOT NULL
);

INSERT INTO Layanan (Biaya) VALUES
(206000),
(973000),
(570000),
(943000),
(904000),
(154000),
(480000),
(340000),
(285000),
(645000),
(195000),
(694000),
(896000),
(298000),
(148000),
(307000),
(229000),
(527000),
(987000),
(918000),
(447000),
(377000),
(832000),
(299000),
(731000),
(527000),
(180000),
(276000),
(197000),
(457000),
(571000),
(419000),
(295000),
(614000),
(679000),
(263000),
(167000),
(950000),
(215000),
(246000),
(548000),
(352000),
(410000),
(137000),
(537000),
(384000),
(626000),
(406000),
(660000),
(925000),
(139000),
(201000),
(164000),
(551000),
(203000),
(620000),
(602000),
(589000),
(693000),
(372000),
(727000),
(175000),
(800000),
(771000),
(550000),
(724000),
(774000),
(168000),
(930000),
(452000),
(381000),
(700000),
(517000),
(867000),
(915000),
(567000),
(502000),
(533000),
(375000),
(364000),
(378000),
(927000),
(317000),
(641000),
(334000),
(194000),
(174000),
(628000),
(859000),
(110000),
(377000),
(557000),
(967000),
(202000),
(453000),
(741000),
(839000),
(648000),
(482000),
(555000),
(764000),
(606000),
(956000),
(605000),
(273000),
(517000),
(931000),
(157000),
(926000),
(333000),
(326000),
(955000),
(654000),
(173000),
(789000),
(944000),
(655000),
(422000),
(243000),
(897000),
(635000),
(396000),
(253000),
(597000),
(217000),
(917000),
(126000),
(652000),
(537000),
(224000),
(970000),
(447000),
(940000),
(718000),
(206000),
(152000),
(578000),
(606000),
(209000),
(407000),
(523000),
(595000),
(783000),
(401000),
(629000),
(180000),
(721000),
(754000),
(100000),
(472000);

DROP TABLE IF EXISTS Layanan_Perawatan_Rutin;
CREATE TABLE Layanan_Perawatan_Rutin (
    ID_Layanan INTEGER PRIMARY KEY,
    Perusahaan_Perawatan INTEGER NOT NULL,
    Tipe_Perawatan VARCHAR(255) NOT NULL,
    Tanggal_Perawatan DATE NOT NULL,
    FOREIGN KEY (ID_Layanan) REFERENCES Layanan(ID_Layanan) ON DELETE CASCADE,
    FOREIGN KEY (Perusahaan_Perawatan) REFERENCES Perusahaan_Perawatan(ID_Perusahaan) ON DELETE CASCADE
);

INSERT INTO Layanan_Perawatan_Rutin (ID_Layanan, Perusahaan_Perawatan, Tipe_Perawatan, Tanggal_Perawatan) VALUES
(73, 47, 'Kelistrikan', '2024-04-05'),
(89, 80, 'Ban', '2024-04-15'),
(37, 140, 'Filter', '2024-04-15'),
(35, 41, 'Overhaul', '2024-04-25'),
(148, 60, 'Overhaul', '2024-04-16'),
(70, 106, 'Rem', '2024-05-02'),
(52, 26, 'Rem', '2024-04-21'),
(136, 55, 'Cleaning', '2024-04-18'),
(62, 54, 'Mesin', '2024-04-07'),
(20, 59, 'Knalpot', '2024-04-26'),
(82, 122, 'Rem', '2024-04-20'),
(95, 84, 'Tune-Up', '2024-04-08'),
(78, 150, 'Kelistrikan', '2024-04-17'),
(48, 90, 'Cleaning', '2024-04-16'),
(137, 112, 'Rem', '2024-04-27'),
(121, 67, 'Lampu', '2024-04-09'),
(7, 127, 'Kaki-Kaki', '2024-04-09'),
(124, 23, 'Filter', '2024-04-14'),
(63, 79, 'Karburator', '2024-04-23'),
(107, 40, 'Kopling', '2024-05-02'),
(143, 123, 'Rem', '2024-04-15'),
(29, 145, 'Kaki-Kaki', '2024-04-04'),
(61, 135, 'Pelek', '2024-04-13'),
(86, 49, 'Kaki-Kaki', '2024-04-14'),
(125, 132, 'Mesin', '2024-04-24'),
(150, 51, 'Kopling', '2024-05-02'),
(67, 46, 'Rem', '2024-04-19'),
(25, 138, 'Kopling', '2024-04-06'),
(84, 119, 'Rem', '2024-04-19'),
(6, 124, 'Tune-Up', '2024-04-12'),
(83, 66, 'Rem', '2024-04-23'),
(24, 52, 'Mesin', '2024-04-04'),
(74, 25, 'Pelek', '2024-04-25'),
(14, 20, 'Knalpot', '2024-04-15'),
(22, 82, 'Kaki-Kaki', '2024-04-04'),
(50, 36, 'Mesin', '2024-04-29'),
(112, 99, 'Tune-Up', '2024-04-27'),
(54, 71, 'Karburator', '2024-04-26'),
(103, 44, 'Filter', '2024-04-23'),
(40, 4, 'Overhaul', '2024-04-24'),
(42, 13, 'Kaki-Kaki', '2024-04-06'),
(31, 146, 'Tune-Up', '2024-04-28'),
(85, 100, 'Cleaning', '2024-04-15'),
(146, 147, 'Overhaul', '2024-04-16'),
(9, 64, 'Kelistrikan', '2024-04-16'),
(16, 131, 'Karburator', '2024-04-07'),
(72, 7, 'Overhaul', '2024-04-14'),
(13, 116, 'Overhaul', '2024-04-19'),
(3, 35, 'Filter', '2024-04-15'),
(98, 98, 'Overhaul', '2024-04-18'),
(64, 31, 'Overhaul', '2024-04-22'),
(110, 75, 'Cat', '2024-04-22'),
(132, 120, 'Oli', '2024-04-08'),
(39, 105, 'Tune-Up', '2024-04-11'),
(8, 8, 'Kaki-Kaki', '2024-04-23'),
(59, 125, 'Karburator', '2024-04-21'),
(55, 9, 'Tune-Up', '2024-04-09'),
(28, 22, 'Rem', '2024-04-22'),
(104, 93, 'Pelek', '2024-04-28'),
(10, 115, 'Kelistrikan', '2024-04-04'),
(134, 18, 'Filter', '2024-04-13'),
(127, 96, 'Tune-Up', '2024-05-01'),
(135, 101, 'Tune-Up', '2024-04-28'),
(149, 88, 'Tune-Up', '2024-05-01'),
(38, 118, 'Oli', '2024-04-09'),
(5, 134, 'Mesin', '2024-04-09'),
(87, 91, 'Oli', '2024-04-10'),
(2, 70, 'Cleaning', '2024-04-15'),
(101, 32, 'Cat', '2024-05-02'),
(109, 73, 'Rem', '2024-04-27'),
(77, 56, 'Lampu', '2024-04-24'),
(19, 142, 'Kelistrikan', '2024-04-27'),
(26, 95, 'Kaki-Kaki', '2024-04-21'),
(128, 109, 'Kelistrikan', '2024-04-09'),
(47, 144, 'Ban', '2024-04-10');

DROP TABLE IF EXISTS Layanan_Asuransi;
CREATE TABLE Layanan_Asuransi (
    ID_Layanan INTEGER PRIMARY KEY,
    Perusahaan_Asuransi INTEGER NOT NULL,
    Tanggal_Berakhir DATE NOT NULL,
    FOREIGN KEY (ID_Layanan) REFERENCES Layanan(ID_Layanan) ON DELETE CASCADE,
    FOREIGN KEY (Perusahaan_Asuransi) REFERENCES Perusahaan_Asuransi(ID_Perusahaan) ON DELETE CASCADE
);

INSERT INTO Layanan_Asuransi (ID_Layanan, Perusahaan_Asuransi, Tanggal_Berakhir) VALUES
(51, 69, '2024-02-10'),
(114, 141, '2024-04-16'),
(119, 139, '2024-05-02'),
(145, 133, '2024-04-19'),
(34, 37, '2024-01-17'),
(57, 126, '2024-04-26'),
(129, 97, '2024-01-15'),
(93, 102, '2024-02-29'),
(46, 2, '2024-03-27'),
(1, 34, '2024-04-02'),
(4, 104, '2024-04-01'),
(43, 87, '2024-01-29'),
(33, 81, '2024-02-05'),
(102, 42, '2024-01-21'),
(36, 72, '2024-04-15'),
(140, 58, '2024-02-18'),
(123, 39, '2024-01-14'),
(60, 89, '2024-03-13'),
(81, 148, '2024-02-01'),
(76, 86, '2024-02-18'),
(27, 143, '2024-01-13'),
(88, 103, '2024-02-22'),
(49, 5, '2024-01-31'),
(139, 33, '2024-02-21'),
(141, 108, '2024-01-17'),
(23, 24, '2024-02-16'),
(80, 121, '2024-01-11'),
(90, 14, '2024-02-04'),
(71, 53, '2024-02-09'),
(65, 110, '2024-01-29'),
(126, 48, '2024-01-21'),
(138, 62, '2024-04-10'),
(58, 68, '2024-04-10'),
(108, 128, '2024-03-08'),
(68, 16, '2024-03-30'),
(91, 61, '2024-04-22'),
(96, 113, '2024-03-07'),
(147, 21, '2024-01-23'),
(32, 50, '2024-05-01'),
(115, 130, '2024-03-29'),
(69, 129, '2024-03-10'),
(97, 65, '2024-02-17'),
(100, 92, '2024-01-12'),
(18, 111, '2024-01-22'),
(120, 11, '2024-03-31'),
(75, 57, '2024-02-11'),
(142, 28, '2024-05-03'),
(118, 83, '2024-02-25'),
(99, 10, '2024-03-12'),
(53, 15, '2024-02-06'),
(131, 74, '2024-02-27'),
(105, 63, '2024-01-03'),
(92, 30, '2024-04-04'),
(106, 43, '2024-02-21'),
(116, 38, '2024-01-22'),
(11, 6, '2024-02-22'),
(44, 114, '2024-02-04'),
(113, 78, '2024-02-28'),
(122, 17, '2024-04-08'),
(12, 29, '2024-01-02'),
(130, 149, '2024-03-13'),
(17, 1, '2024-02-19'),
(117, 45, '2024-04-23'),
(21, 3, '2024-03-08'),
(41, 107, '2024-03-17'),
(30, 19, '2024-01-16'),
(79, 137, '2024-04-23'),
(15, 76, '2024-04-03'),
(45, 27, '2024-03-15'),
(56, 85, '2024-04-06'),
(144, 77, '2024-01-16'),
(133, 117, '2024-02-12'),
(66, 136, '2024-02-12'),
(94, 12, '2024-04-02'),
(111, 94, '2024-04-01');

DROP TABLE IF EXISTS Perawatan_Rutin;
CREATE TABLE Perawatan_Rutin (
    ID_Layanan INTEGER,
    ID_Kendaraan INTEGER,
    PRIMARY KEY (ID_Layanan, ID_Kendaraan),
    FOREIGN KEY (ID_Layanan) REFERENCES Layanan_Perawatan_Rutin(ID_Layanan) ON DELETE CASCADE,
    FOREIGN KEY (ID_Kendaraan) REFERENCES Kendaraan(ID_Kendaraan) ON DELETE CASCADE
);

INSERT INTO Perawatan_Rutin (ID_Layanan, ID_Kendaraan) VALUES
(146, 49),
(55, 160),
(8, 183),
(3, 203),
(109, 162),
(85, 65),
(77, 17),
(74, 11),
(74, 25),
(13, 37),
(48, 51),
(2, 137),
(62, 246),
(134, 2),
(89, 137),
(104, 132),
(87, 54),
(112, 211),
(6, 220),
(35, 222),
(89, 65),
(82, 140),
(112, 79),
(9, 45),
(35, 9),
(124, 233),
(9, 245),
(104, 101),
(28, 20),
(146, 18),
(9, 139),
(86, 40),
(64, 177),
(52, 8),
(109, 237),
(84, 237),
(59, 216),
(132, 113),
(135, 144),
(16, 225),
(42, 209),
(149, 2),
(40, 166),
(61, 17),
(14, 26),
(14, 180),
(149, 102),
(137, 113),
(98, 35),
(10, 108);

DROP TABLE IF EXISTS Asuransi;
CREATE TABLE Asuransi (
    ID_Layanan INTEGER,
    ID_Kendaraan INTEGER,
    PRIMARY KEY (ID_Layanan, ID_Kendaraan),
    FOREIGN KEY (ID_Layanan) REFERENCES Layanan_Asuransi(ID_Layanan) ON DELETE CASCADE,
    FOREIGN KEY (ID_Kendaraan) REFERENCES Kendaraan(ID_Kendaraan) ON DELETE CASCADE
);

INSERT INTO Asuransi (ID_Layanan, ID_Kendaraan) VALUES
(131, 107),
(66, 106),
(141, 236),
(18, 115),
(115, 228),
(131, 64),
(80, 149),
(145, 23),
(145, 120),
(113, 72),
(96, 93),
(33, 4),
(58, 209),
(140, 159),
(18, 175),
(138, 92),
(65, 212),
(51, 48),
(102, 229),
(88, 41),
(117, 117),
(57, 144),
(144, 53),
(36, 50),
(105, 194),
(81, 118),
(60, 32),
(36, 150),
(114, 39),
(138, 243),
(131, 10),
(114, 4),
(15, 116),
(129, 113),
(97, 42),
(93, 4),
(91, 190),
(66, 122),
(117, 235),
(45, 200),
(45, 164),
(53, 52),
(33, 159),
(113, 208),
(93, 41),
(76, 117),
(60, 171),
(126, 36),
(93, 126),
(17, 74);