INSERT INTO Perusahaan (Nama) VALUES
('CV Thamrin Wahyudin Tbk'),
('CV Mulyani Melani (Persero) Tbk'),
('PD Sihombing Usamah Tbk'),
('PD Hasanah Nasyidah (Persero) Tbk'),
('Perum Lestari (Persero) Tbk'),
('Perum Sihotang Sitompul (Persero) Tbk'),
('PT Mahendra Tbk'),
('Perum Waluyo (Persero) Tbk'),
('UD Pranowo'),
('UD Sirait Dabukke'),
('PT Pranowo Laksita'),
('PT Mayasari Puspasari'),
('PT Wacana'),
('PD Tarihoran (Persero) Tbk'),
('CV Kusumo Marbun (Persero) Tbk'),
('UD Gunarto'),
('CV Halimah Pranowo'),
('Perum Safitri Suryatmi (Persero) Tbk'),
('UD Fujiati Prakasa'),
('UD Hartati Puspita Tbk'),
('PD Kuswandari'),
('PT Laksmiwati Mustofa (Persero) Tbk'),
('PT Habibi Firmansyah Tbk'),
('CV Mayasari Tbk'),
('PT Rahimah Wibowo'),
('Perum Widiastuti Thamrin Tbk'),
('Perum Purwanti'),
('CV Marpaung (Persero) Tbk'),
('PT Nurdiyanti Maryati Tbk'),
('PT Lestari Suryono Tbk'),
('CV Handayani'),
('Perum Riyanti'),
('CV Hutasoit (Persero) Tbk'),
('PD Yuliarti'),
('PD Wahyuni Tbk'),
('PD Hartati Tbk'),
('PT Rajasa Tbk'),
('UD Habibi Adriansyah'),
('UD Padmasari'),
('Perum Fujiati Utami'),
('PD Maryadi'),
('CV Firmansyah Hidayat Tbk'),
('CV Utami Tbk'),
('Perum Latupono Iswahyudi'),
('UD Hardiansyah Winarno Tbk'),
('PD Pranowo'),
('PT Hartati Dabukke'),
('Perum Prastuti Sitorus'),
('PT Halimah'),
('CV Budiyanto Mansur'),
('PT Kusumo'),
('UD Prakasa Tbk'),
('PD Mahendra (Persero) Tbk'),
('PT Riyanti Tbk'),
('Perum Natsir'),
('PD Yuliarti Tbk'),
('UD Mustofa'),
('Perum Anggraini Tbk'),
('PT Sihotang'),
('CV Simanjuntak Prasetyo'),
('PT Manullang Tbk'),
('Perum Wastuti Dongoran Tbk'),
('Perum Wibowo (Persero) Tbk'),
('CV Suryatmi'),
('PD Puspita Tbk'),
('CV Hastuti Laksmiwati'),
('PD Riyanti Pratama Tbk'),
('UD Santoso Zulkarnain Tbk'),
('PD Wijayanti Permadi'),
('PT Hartati Nashiruddin Tbk'),
('PT Tampubolon (Persero) Tbk'),
('Perum Tamba Anggraini'),
('CV Mansur Oktaviani'),
('CV Maulana'),
('PD Samosir Tbk'),
('Perum Marpaung'),
('UD Simanjuntak (Persero) Tbk'),
('Perum Namaga Kuswandari Tbk'),
('UD Uwais Tbk'),
('PT Prabowo Tbk'),
('PD Pertiwi (Persero) Tbk'),
('CV Rajasa Dongoran'),
('UD Tampubolon'),
('PT Hidayat Tbk'),
('CV Thamrin Natsir Tbk'),
('PT Wijayanti'),
('Perum Najmudin (Persero) Tbk'),
('UD Palastri'),
('UD Haryanto Padmasari (Persero) Tbk'),
('Perum Rajasa Tbk'),
('Perum Safitri Susanti'),
('PD Wibisono'),
('CV Hariyah'),
('UD Wastuti'),
('PT Wastuti Wulandari (Persero) Tbk'),
('PT Nuraini'),
('UD Yolanda'),
('PD Januar Tbk'),
('CV Siregar Hutasoit Tbk'),
('CV Fujiati'),
('CV Pertiwi Astuti (Persero) Tbk'),
('PT Usada Siregar Tbk'),
('UD Firmansyah'),
('PT Napitupulu (Persero) Tbk'),
('PD Halimah'),
('PT Wulandari Hidayat'),
('PT Sinaga Prastuti Tbk'),
('UD Mulyani Tbk'),
('UD Mansur Palastri Tbk'),
('CV Wasita Winarno'),
('PD Napitupulu (Persero) Tbk'),
('Perum Handayani Wacana'),
('PD Hakim Tbk'),
('PT Rajata Wulandari (Persero) Tbk'),
('PT Manullang Sinaga'),
('UD Nababan'),
('Perum Firmansyah Tbk'),
('PT Prasetyo Halim'),
('PT Wulandari Tbk'),
('Perum Sudiati Pratama'),
('PD Yuliarti Pratama'),
('PD Dongoran'),
('PT Nababan Tbk'),
('PT Hassanah Usamah (Persero) Tbk'),
('PD Puspita'),
('PT Firmansyah'),
('PD Widodo Aryani'),
('Perum Wibisono (Persero) Tbk'),
('Perum Haryanto Suwarno (Persero) Tbk'),
('CV Kuswoyo Tbk'),
('CV Haryanti'),
('Perum Thamrin Pranowo Tbk'),
('PT Nainggolan'),
('PT Susanti Samosir'),
('Perum Sihombing'),
('CV Rahayu'),
('UD Pangestu Tbk'),
('PT Adriansyah Fujiati Tbk'),
('Perum Wibowo Sitorus (Persero) Tbk'),
('PT Rahayu Tbk'),
('PD Sinaga Tbk'),
('UD Mahendra Tbk'),
('PT Natsir Lailasari'),
('CV Nurdiyanti (Persero) Tbk'),
('Perum Nasyiah Tbk'),
('CV Prayoga (Persero) Tbk'),
('CV Wastuti'),
('UD Yuniar Namaga Tbk'),
('Perum Tamba Hartati (Persero) Tbk'),
('Perum Farida');

INSERT INTO Kontak (ID_Perusahaan, Kontak) VALUES
(33, '+62 (008) 002 6423'),
(48, '+62 (0429) 781-5301'),
(49, '+62-0175-401-1740'),
(48, '+62 (0588) 141 6910'),
(30, '+62 (436) 463 0990'),
(8, '+62-01-220-8476'),
(47, '(056) 666-2501'),
(32, '+62 (73) 405-8147'),
(33, '+62 (39) 851 9685'),
(21, '+62 (0496) 378 4074'),
(6, '+62 (075) 130 8006'),
(47, '+62 (289) 041 2512'),
(9, '0807168443'),
(9, '(0946) 000-2121'),
(11, '+62 (0023) 830-3172'),
(23, '+62 (0151) 198-6875'),
(29, '+62 (853) 117-0387'),
(2, '+62 (020) 189 0857'),
(23, '+62 (005) 767-6747'),
(41, '+62 (493) 289-8104'),
(14, '+62 (038) 882 4213'),
(1, '+62 (019) 086-6988'),
(24, '+62-098-521-7037'),
(46, '0899507282'),
(18, '(0636) 079 2987'),
(16, '0831865234'),
(18, '(0812) 151-9892'),
(45, '+62 (957) 246-6933'),
(24, '+62 (529) 703-8517'),
(50, '(0077) 584 8343'),
(22, '+62 (070) 532 9918'),
(50, '+62 (0093) 020 3572'),
(47, '+62 (0793) 057-1145'),
(40, '+62-514-513-7162'),
(34, '(009) 558 0266'),
(34, '+62-013-400-1247'),
(9, '082 700 8090'),
(31, '+62 (0216) 482 8630'),
(6, '+62-0392-808-3465'),
(46, '+62-0918-116-3482'),
(19, '(0826) 065-8268'),
(49, '(0020) 621-9582'),
(4, '+62-0204-005-7337'),
(7, '0836567869'),
(48, '+62 (0961) 791-1121'),
(34, '+62 (73) 327-9687'),
(2, '0800521199'),
(39, '(066) 631 7124'),
(47, '+62 (09) 845-0473'),
(38, '+62 (0743) 974 7542'),
(5, '+62-607-374-6456'),
(9, '+62 (69) 361 0941'),
(49, '+62 (687) 891-8951'),
(31, '+62-0125-813-9958'),
(36, '+62 (64) 860-7805'),
(14, '+62 (701) 525-9566'),
(1, '0882613574'),
(47, '+62-026-766-2065'),
(30, '+62 (0927) 613 3330'),
(9, '+62-0316-426-7725'),
(42, '+62 (11) 996-3207'),
(22, '+62-91-823-4841'),
(16, '0829627682'),
(17, '+62 (027) 014 7780'),
(5, '+62 (0621) 881 5447'),
(48, '(054) 538 9546'),
(26, '(0870) 487-4384'),
(2, '(0509) 557-7106'),
(5, '+62-09-704-5127'),
(40, '+62 (56) 606-8602'),
(40, '(0288) 583-2896'),
(20, '+62-040-214-7467'),
(14, '+62 (286) 062-5860'),
(19, '(0102) 423 9802'),
(31, '(0061) 239-5970'),
(35, '+62 (86) 078 7830'),
(2, '(049) 202-0156'),
(28, '(0914) 148 3050'),
(31, '+62 (026) 072-7380'),
(28, '(0848) 425 5212'),
(23, '+62 (079) 428-4981'),
(32, '(035) 471-2833'),
(33, '+62-28-774-4143'),
(8, '085 396 4688'),
(42, '+62 (052) 866-6822'),
(50, '0805625923'),
(25, '+62 (000) 944 5994'),
(32, '+62 (702) 226-4456'),
(38, '+62-71-920-1764'),
(12, '+62 (297) 264 1501'),
(8, '+62 (48) 642-6481'),
(15, '0812463536'),
(15, '(0935) 748-5167'),
(31, '+62-774-682-2474'),
(10, '+62 (090) 085-9192'),
(27, '+62 (784) 980 9222'),
(19, '0880505023'),
(21, '+62 (611) 105-8388'),
(16, '+62 (73) 165 1353'),
(42, '0866541644'),
(43, '(066) 446 4534'),
(32, '+62 (0219) 810-8373'),
(1, '(0583) 828-1553'),
(45, '(0058) 813 4236'),
(47, '+62 (0870) 518-3204'),
(34, '+62 (208) 954-9333'),
(3, '+62 (935) 734-4716'),
(38, '+62-0804-220-7813'),
(44, '0846644970'),
(28, '+62-432-817-7595'),
(18, '(014) 687 3720'),
(3, '+62 (628) 975-3792'),
(45, '+62-0138-293-2456'),
(46, '+62 (0832) 056-2661'),
(19, '+62-307-496-2277'),
(13, '+62 (78) 991 5338'),
(46, '+62-070-590-7421'),
(31, '(045) 869-4537'),
(27, '+62 (72) 599 6353'),
(9, '081 587 2778'),
(49, '+62-08-934-0516'),
(9, '+62 (906) 434-5042'),
(47, '(008) 096-0895'),
(50, '(0183) 580-1861'),
(42, '(063) 505 6618'),
(12, '+62-54-379-9313'),
(27, '+62 (46) 344-0807'),
(8, '+62 (030) 868 7229'),
(6, '(0492) 687-2130'),
(39, '(054) 630-9374'),
(29, '+62-029-364-8939'),
(21, '+62 (82) 703-4104'),
(10, '+62 (569) 864 2068'),
(33, '+62 (50) 987 1056'),
(28, '+62-083-663-9953'),
(4, '(0801) 123-3828'),
(18, '+62 (032) 437 5969'),
(14, '+62-0409-599-2589'),
(6, '+62 (0100) 916-5496'),
(36, '(0715) 205 4408'),
(19, '0842301733'),
(33, '+62 (441) 012-6650'),
(49, '+62 (099) 905 2102'),
(31, '(0556) 836-1291'),
(47, '+62 (085) 589-0892'),
(35, '+62 (009) 879 9799'),
(38, '+62 (430) 438-2344'),
(44, '+62-394-236-7959'),
(35, '+62 (48) 155-2383'),
(42, '(086) 175-5555');

INSERT INTO Perusahaan_Perawatan (ID_Perusahaan, Spesialisasi) VALUES
(47, 'Kelistrikan'),
(80, 'Ban'),
(140, 'Filter'),
(41, 'Overhaul'),
(60, 'Overhaul'),
(106, 'Rem'),
(26, 'Rem'),
(55, 'Cleaning'),
(54, 'Mesin'),
(59, 'Knalpot'),
(122, 'Rem'),
(84, 'Tune-Up'),
(150, 'Kelistrikan'),
(90, 'Cleaning'),
(112, 'Rem'),
(67, 'Lampu'),
(127, 'Kaki-Kaki'),
(23, 'Filter'),
(79, 'Karburator'),
(40, 'Kopling'),
(123, 'Rem'),
(145, 'Kaki-Kaki'),
(135, 'Pelek'),
(49, 'Kaki-Kaki'),
(132, 'Mesin'),
(51, 'Kopling'),
(46, 'Rem'),
(138, 'Kopling'),
(119, 'Rem'),
(124, 'Tune-Up'),
(66, 'Rem'),
(52, 'Mesin'),
(25, 'Pelek'),
(20, 'Knalpot'),
(82, 'Kaki-Kaki'),
(36, 'Mesin'),
(99, 'Tune-Up'),
(71, 'Karburator'),
(44, 'Filter'),
(4, 'Overhaul'),
(13, 'Kaki-Kaki'),
(146, 'Tune-Up'),
(100, 'Cleaning'),
(147, 'Overhaul'),
(64, 'Kelistrikan'),
(131, 'Karburator'),
(7, 'Overhaul'),
(116, 'Overhaul'),
(35, 'Filter'),
(98, 'Overhaul'),
(31, 'Overhaul'),
(75, 'Cat'),
(120, 'Oli'),
(105, 'Tune-Up'),
(8, 'Kaki-Kaki'),
(125, 'Karburator'),
(9, 'Tune-Up'),
(22, 'Rem'),
(93, 'Pelek'),
(115, 'Kelistrikan'),
(18, 'Filter'),
(96, 'Tune-Up'),
(101, 'Tune-Up'),
(88, 'Tune-Up'),
(118, 'Oli'),
(134, 'Mesin'),
(91, 'Oli'),
(70, 'Cleaning'),
(32, 'Cat'),
(73, 'Rem'),
(56, 'Lampu'),
(142, 'Kelistrikan'),
(95, 'Kaki-Kaki'),
(109, 'Kelistrikan'),
(144, 'Ban');

INSERT INTO Perusahaan_Asuransi (ID_Perusahaan) VALUES
(69),
(141),
(139),
(133),
(37),
(126),
(97),
(102),
(2),
(34),
(104),
(87),
(81),
(42),
(72),
(58),
(39),
(89),
(148),
(86),
(143),
(103),
(5),
(33),
(108),
(24),
(121),
(14),
(53),
(110),
(48),
(62),
(68),
(128),
(16),
(61),
(113),
(21),
(50),
(130),
(129),
(65),
(92),
(111),
(11),
(57),
(28),
(83),
(10),
(15),
(74),
(63),
(30),
(43),
(38),
(6),
(114),
(78),
(17),
(29),
(149),
(1),
(45),
(3),
(107),
(19),
(137),
(76),
(27),
(85),
(77),
(117),
(136),
(12),
(94);

INSERT INTO Layanan (Biaya) VALUES
(206000),
(973000),
(570000),
(943000),
(904000),
(154000),
(480000),
(340000),
(285000),
(645000),
(195000),
(694000),
(896000),
(298000),
(148000),
(307000),
(229000),
(527000),
(987000),
(918000),
(447000),
(377000),
(832000),
(299000),
(731000),
(527000),
(180000),
(276000),
(197000),
(457000),
(571000),
(419000),
(295000),
(614000),
(679000),
(263000),
(167000),
(950000),
(215000),
(246000),
(548000),
(352000),
(410000),
(137000),
(537000),
(384000),
(626000),
(406000),
(660000),
(925000),
(139000),
(201000),
(164000),
(551000),
(203000),
(620000),
(602000),
(589000),
(693000),
(372000),
(727000),
(175000),
(800000),
(771000),
(550000),
(724000),
(774000),
(168000),
(930000),
(452000),
(381000),
(700000),
(517000),
(867000),
(915000),
(567000),
(502000),
(533000),
(375000),
(364000),
(378000),
(927000),
(317000),
(641000),
(334000),
(194000),
(174000),
(628000),
(859000),
(110000),
(377000),
(557000),
(967000),
(202000),
(453000),
(741000),
(839000),
(648000),
(482000),
(555000),
(764000),
(606000),
(956000),
(605000),
(273000),
(517000),
(931000),
(157000),
(926000),
(333000),
(326000),
(955000),
(654000),
(173000),
(789000),
(944000),
(655000),
(422000),
(243000),
(897000),
(635000),
(396000),
(253000),
(597000),
(217000),
(917000),
(126000),
(652000),
(537000),
(224000),
(970000),
(447000),
(940000),
(718000),
(206000),
(152000),
(578000),
(606000),
(209000),
(407000),
(523000),
(595000),
(783000),
(401000),
(629000),
(180000),
(721000),
(754000),
(100000),
(472000);

INSERT INTO Layanan_Perawatan_Rutin (ID_Layanan, Perusahaan_Perawatan, Tipe_Perawatan, Tanggal_Perawatan) VALUES
(73, 47, 'Kelistrikan', '2024-04-05'),
(89, 80, 'Ban', '2024-04-15'),
(37, 140, 'Filter', '2024-04-15'),
(35, 41, 'Overhaul', '2024-04-25'),
(148, 60, 'Overhaul', '2024-04-16'),
(70, 106, 'Rem', '2024-05-02'),
(52, 26, 'Rem', '2024-04-21'),
(136, 55, 'Cleaning', '2024-04-18'),
(62, 54, 'Mesin', '2024-04-07'),
(20, 59, 'Knalpot', '2024-04-26'),
(82, 122, 'Rem', '2024-04-20'),
(95, 84, 'Tune-Up', '2024-04-08'),
(78, 150, 'Kelistrikan', '2024-04-17'),
(48, 90, 'Cleaning', '2024-04-16'),
(137, 112, 'Rem', '2024-04-27'),
(121, 67, 'Lampu', '2024-04-09'),
(7, 127, 'Kaki-Kaki', '2024-04-09'),
(124, 23, 'Filter', '2024-04-14'),
(63, 79, 'Karburator', '2024-04-23'),
(107, 40, 'Kopling', '2024-05-02'),
(143, 123, 'Rem', '2024-04-15'),
(29, 145, 'Kaki-Kaki', '2024-04-04'),
(61, 135, 'Pelek', '2024-04-13'),
(86, 49, 'Kaki-Kaki', '2024-04-14'),
(125, 132, 'Mesin', '2024-04-24'),
(150, 51, 'Kopling', '2024-05-02'),
(67, 46, 'Rem', '2024-04-19'),
(25, 138, 'Kopling', '2024-04-06'),
(84, 119, 'Rem', '2024-04-19'),
(6, 124, 'Tune-Up', '2024-04-12'),
(83, 66, 'Rem', '2024-04-23'),
(24, 52, 'Mesin', '2024-04-04'),
(74, 25, 'Pelek', '2024-04-25'),
(14, 20, 'Knalpot', '2024-04-15'),
(22, 82, 'Kaki-Kaki', '2024-04-04'),
(50, 36, 'Mesin', '2024-04-29'),
(112, 99, 'Tune-Up', '2024-04-27'),
(54, 71, 'Karburator', '2024-04-26'),
(103, 44, 'Filter', '2024-04-23'),
(40, 4, 'Overhaul', '2024-04-24'),
(42, 13, 'Kaki-Kaki', '2024-04-06'),
(31, 146, 'Tune-Up', '2024-04-28'),
(85, 100, 'Cleaning', '2024-04-15'),
(146, 147, 'Overhaul', '2024-04-16'),
(9, 64, 'Kelistrikan', '2024-04-16'),
(16, 131, 'Karburator', '2024-04-07'),
(72, 7, 'Overhaul', '2024-04-14'),
(13, 116, 'Overhaul', '2024-04-19'),
(3, 35, 'Filter', '2024-04-15'),
(98, 98, 'Overhaul', '2024-04-18'),
(64, 31, 'Overhaul', '2024-04-22'),
(110, 75, 'Cat', '2024-04-22'),
(132, 120, 'Oli', '2024-04-08'),
(39, 105, 'Tune-Up', '2024-04-11'),
(8, 8, 'Kaki-Kaki', '2024-04-23'),
(59, 125, 'Karburator', '2024-04-21'),
(55, 9, 'Tune-Up', '2024-04-09'),
(28, 22, 'Rem', '2024-04-22'),
(104, 93, 'Pelek', '2024-04-28'),
(10, 115, 'Kelistrikan', '2024-04-04'),
(134, 18, 'Filter', '2024-04-13'),
(127, 96, 'Tune-Up', '2024-05-01'),
(135, 101, 'Tune-Up', '2024-04-28'),
(149, 88, 'Tune-Up', '2024-05-01'),
(38, 118, 'Oli', '2024-04-09'),
(5, 134, 'Mesin', '2024-04-09'),
(87, 91, 'Oli', '2024-04-10'),
(2, 70, 'Cleaning', '2024-04-15'),
(101, 32, 'Cat', '2024-05-02'),
(109, 73, 'Rem', '2024-04-27'),
(77, 56, 'Lampu', '2024-04-24'),
(19, 142, 'Kelistrikan', '2024-04-27'),
(26, 95, 'Kaki-Kaki', '2024-04-21'),
(128, 109, 'Kelistrikan', '2024-04-09'),
(47, 144, 'Ban', '2024-04-10');

INSERT INTO Layanan_Asuransi (ID_Layanan, Perusahaan_Asuransi, Tanggal_Berakhir) VALUES
(51, 69, '2024-02-10'),
(114, 141, '2024-04-16'),
(119, 139, '2024-05-02'),
(145, 133, '2024-04-19'),
(34, 37, '2024-01-17'),
(57, 126, '2024-04-26'),
(129, 97, '2024-01-15'),
(93, 102, '2024-02-29'),
(46, 2, '2024-03-27'),
(1, 34, '2024-04-02'),
(4, 104, '2024-04-01'),
(43, 87, '2024-01-29'),
(33, 81, '2024-02-05'),
(102, 42, '2024-01-21'),
(36, 72, '2024-04-15'),
(140, 58, '2024-02-18'),
(123, 39, '2024-01-14'),
(60, 89, '2024-03-13'),
(81, 148, '2024-02-01'),
(76, 86, '2024-02-18'),
(27, 143, '2024-01-13'),
(88, 103, '2024-02-22'),
(49, 5, '2024-01-31'),
(139, 33, '2024-02-21'),
(141, 108, '2024-01-17'),
(23, 24, '2024-02-16'),
(80, 121, '2024-01-11'),
(90, 14, '2024-02-04'),
(71, 53, '2024-02-09'),
(65, 110, '2024-01-29'),
(126, 48, '2024-01-21'),
(138, 62, '2024-04-10'),
(58, 68, '2024-04-10'),
(108, 128, '2024-03-08'),
(68, 16, '2024-03-30'),
(91, 61, '2024-04-22'),
(96, 113, '2024-03-07'),
(147, 21, '2024-01-23'),
(32, 50, '2024-05-01'),
(115, 130, '2024-03-29'),
(69, 129, '2024-03-10'),
(97, 65, '2024-02-17'),
(100, 92, '2024-01-12'),
(18, 111, '2024-01-22'),
(120, 11, '2024-03-31'),
(75, 57, '2024-02-11'),
(142, 28, '2024-05-03'),
(118, 83, '2024-02-25'),
(99, 10, '2024-03-12'),
(53, 15, '2024-02-06'),
(131, 74, '2024-02-27'),
(105, 63, '2024-01-03'),
(92, 30, '2024-04-04'),
(106, 43, '2024-02-21'),
(116, 38, '2024-01-22'),
(11, 6, '2024-02-22'),
(44, 114, '2024-02-04'),
(113, 78, '2024-02-28'),
(122, 17, '2024-04-08'),
(12, 29, '2024-01-02'),
(130, 149, '2024-03-13'),
(17, 1, '2024-02-19'),
(117, 45, '2024-04-23'),
(21, 3, '2024-03-08'),
(41, 107, '2024-03-17'),
(30, 19, '2024-01-16'),
(79, 137, '2024-04-23'),
(15, 76, '2024-04-03'),
(45, 27, '2024-03-15'),
(56, 85, '2024-04-06'),
(144, 77, '2024-01-16'),
(133, 117, '2024-02-12'),
(66, 136, '2024-02-12'),
(94, 12, '2024-04-02'),
(111, 94, '2024-04-01');

INSERT INTO Kendaraan (Plat, Merek) VALUES
('PN 8979 MXW', 'Opel'),
('W 116 RDS', 'Renault'),
('Z 8488 YRL', 'Fiat'),
('T 1992 WYA', 'Ferrari'),
('MO 162 VC', 'Lamborghini'),
('VI 868 WOU', 'Skoda'),
('MN 0437 FSN', 'Renault'),
('Q 0491 MPK', 'Volvo'),
('ZT 013 YTB', 'Peugeot'),
('MM 4985 ZZK', 'Daihatsu'),
('LE 4781 FDV', 'Land Rover'),
('PQ 509 SE', 'Bentley'),
('AB 5009 RTN', 'Aston Martin'),
('M 174 TW', 'Mitsubishi'),
('K 789 BTE', 'Aston Martin'),
('Y 0466 ABF', 'Citroen'),
('ET 722 JS', 'Lexus'),
('GZ 8306 OT', 'Lamborghini'),
('B 0408 EJ', 'McLaren'),
('BG 7215 PC', 'Hyundai'),
('S 0501 AW', 'Dacia'),
('N 8307 ED', 'Skoda'),
('GG 652 PV', 'Suzuki'),
('T 882 UAM', 'Seat'),
('S 154 LGT', 'Alfa Romeo'),
('EY 9876 OP', 'Mini'),
('T 438 TI', 'Bentley'),
('T 2499 DV', 'Dacia'),
('XP 808 UJF', 'Alfa Romeo'),
('AW 065 FH', 'Peugeot'),
('Y 664 QWJ', 'Aston Martin'),
('B 5890 ZAS', 'Lotus'),
('Z 499 JF', 'Volkswagen'),
('ZZ 6142 PD', 'Bentley'),
('W 1441 QA', 'Lexus'),
('SI 368 ZVB', 'Rolls-Royce'),
('PF 5278 EZI', 'Jeep'),
('U 0571 SN', 'Lamborghini'),
('L 070 MM', 'Citroen'),
('SY 5763 KVV', 'Rolls-Royce'),
('AV 002 RXC', 'Jeep'),
('W 7121 GHH', 'Volkswagen'),
('V 3625 TAT', 'Land Rover'),
('MR 127 QM', 'Dacia'),
('ZQ 304 IO', 'Lotus'),
('G 8015 WSC', 'Land Rover'),
('PO 753 BES', 'Volkswagen'),
('S 9061 WC', 'Porsche'),
('IF 7922 PVD', 'Bugatti'),
('O 156 ECF', 'Mini'),
('TO 817 MEA', 'Lamborghini'),
('H 657 SWD', 'McLaren'),
('CM 0302 JF', 'Opel'),
('G 858 UU', 'Smart'),
('U 6189 ZZ', 'Rolls-Royce'),
('VZ 7046 MMX', 'Alfa Romeo'),
('M 8042 IP', 'Volkswagen'),
('TV 562 NDU', 'Maserati'),
('K 432 MH', 'Dacia'),
('IO 299 UZ', 'Peugeot'),
('R 4359 AN', 'Maserati'),
('Z 9717 QMG', 'Citroen'),
('MH 4436 PQE', 'Alfa Romeo'),
('TB 1567 SJL', 'Fiat'),
('PT 962 WW', 'Bentley'),
('O 3990 GD', 'Jeep'),
('S 371 BRA', 'Aston Martin'),
('Q 914 SI', 'Seat'),
('P 396 TY', 'Dacia'),
('Q 8107 BWE', 'Lotus'),
('K 868 RS', 'Aston Martin'),
('R 6145 TNF', 'Opel'),
('A 670 HBO', 'Land Rover'),
('N 0158 SQ', 'Maserati'),
('M 023 CKU', 'Daihatsu'),
('V 7392 YPH', 'Volkswagen'),
('I 084 XSE', 'Audi'),
('AE 896 WL', 'Rolls-Royce'),
('V 6429 BW', 'Ferrari'),
('R 871 UST', 'Smart'),
('S 279 FR', 'Ferrari'),
('SA 9677 JU', 'Jaguar'),
('H 9626 SW', 'Maserati'),
('OJ 923 WHP', 'Rolls-Royce'),
('TF 4551 LLV', 'Hyundai'),
('V 0162 QS', 'Honda'),
('AY 0950 RTJ', 'Aston Martin'),
('TD 926 DE', 'Lamborghini'),
('J 2128 KPV', 'Rolls-Royce'),
('X 2165 VZ', 'Ferrari'),
('K 3857 LNS', 'Smart'),
('G 521 ST', 'Volvo'),
('M 094 OS', 'Bugatti'),
('WQ 2950 EK', 'Bugatti'),
('T 8987 DSL', 'Renault'),
('LT 539 FD', 'Bugatti'),
('V 060 JW', 'Volvo'),
('PV 6379 EG', 'Jeep'),
('Y 890 FRT', 'Peugeot'),
('IJ 2560 RYI', 'Alfa Romeo'),
('M 2285 KRL', 'Lamborghini'),
('R 5083 UBA', 'Porsche'),
('N 4855 NU', 'Lamborghini'),
('JY 0245 ZN', 'Suzuki'),
('I 5201 YRT', 'Peugeot'),
('TB 649 JV', 'Skoda'),
('Q 7874 GD', 'Aston Martin'),
('T 095 TWW', 'Bugatti'),
('GA 466 YMI', 'Mercedes-Benz'),
('HK 1627 JXZ', 'Renault'),
('P 1599 VHK', 'Bugatti'),
('F 9132 OG', 'Land Rover'),
('H 2060 CZL', 'Bugatti'),
('IR 463 CYT', 'Kawasaki'),
('RL 2327 AS', 'Porsche'),
('MJ 009 UM', 'Dacia'),
('L 7039 NLE', 'Jeep'),
('FO 9555 NM', 'Mazda'),
('CG 319 HC', 'Maserati'),
('W 212 TFP', 'Bentley'),
('Y 6235 IWV', 'Fiat'),
('B 080 PF', 'Ferrari'),
('AA 939 JN', 'Ferrari'),
('F 775 DA', 'Fiat'),
('W 391 NNP', 'Ferrari'),
('F 6665 VY', 'Smart'),
('EO 715 TP', 'Bentley'),
('OS 288 RNR', 'Hyundai'),
('EQ 747 VMM', 'Peugeot'),
('VS 8599 ZG', 'Daihatsu'),
('AM 976 PV', 'Lotus'),
('AZ 520 KT', 'Bentley'),
('BS 9128 ZEY', 'BMW'),
('S 6106 WRM', 'Fiat'),
('RQ 1701 PU', 'KIA'),
('T 6044 YWE', 'Bentley'),
('YP 6570 GE', 'Chevrolet'),
('O 4939 UE', 'Lamborghini'),
('K 670 ZPL', 'Chevrolet'),
('C 020 UR', 'Mini'),
('YS 4426 VDG', 'Toyota'),
('A 872 NR', 'Lamborghini'),
('C 741 IV', 'Dacia'),
('Q 395 RU', 'Yamaha'),
('VW 162 JA', 'Aston Martin'),
('MT 7179 SJN', 'Seat'),
('D 948 CDA', 'Bentley'),
('GW 0104 KXU', 'Jeep'),
('G 0655 HR', 'Rolls-Royce'),
('PC 5874 LX', 'Rolls-Royce'),
('YF 762 YB', 'Citroen'),
('RU 983 BM', 'Rolls-Royce'),
('ND 741 IY', 'Rolls-Royce'),
('P 790 NB', 'BMW'),
('CA 411 GF', 'KIA'),
('O 3522 GT', 'Citroen'),
('Z 430 PBD', 'Smart'),
('ZM 650 DDS', 'Dacia'),
('M 838 FT', 'Bugatti'),
('IH 8851 JW', 'Ferrari'),
('YM 1357 FCB', 'Volkswagen'),
('YX 156 BCA', 'Renault'),
('RK 8958 YRE', 'Fiat'),
('Q 8678 SLW', 'Jaguar'),
('P 0865 QER', 'Rolls-Royce'),
('S 091 VR', 'Rolls-Royce'),
('WP 006 XH', 'Porsche'),
('FS 406 TZ', 'Suzuki'),
('PO 383 JYH', 'Peugeot'),
('J 0481 FRK', 'Rolls-Royce'),
('W 927 AB', 'Rolls-Royce'),
('OW 8610 DE', 'Opel'),
('US 643 FTE', 'Lamborghini'),
('NA 6551 BAG', 'Renault'),
('EC 3965 TE', 'Lamborghini'),
('I 460 EIE', 'Renault'),
('XY 786 ZYG', 'Lotus'),
('IC 017 SDY', 'Jaguar'),
('K 595 DD', 'Bentley'),
('K 683 FD', 'Bugatti'),
('F 4946 SRP', 'Citroen'),
('C 028 BFQ', 'Mini'),
('DS 1047 FLX', 'KIA'),
('VE 0308 NOT', 'Peugeot'),
('QA 816 EG', 'Lamborghini'),
('TP 341 PV', 'Seat'),
('S 166 BXH', 'Dacia'),
('E 3105 DV', 'Volvo'),
('M 2277 YV', 'Citroen'),
('B 1354 CN', 'Aston Martin'),
('D 8086 TEE', 'Rolls-Royce'),
('KT 5550 LDW', 'Alfa Romeo'),
('V 394 TNA', 'Ferrari'),
('CD 522 XZC', 'Porsche'),
('Y 408 UE', 'Seat'),
('V 312 WJ', 'Alfa Romeo'),
('FB 720 FJD', 'Seat'),
('QI 692 SZA', 'Jeep'),
('DL 791 QJ', 'Seat'),
('S 4164 VZX', 'Rolls-Royce'),
('EI 8932 PZJ', 'Maserati'),
('S 881 BV', 'Rolls-Royce'),
('GY 030 NVR', 'Skoda'),
('TU 3317 ER', 'Nissan'),
('PF 2963 QXA', 'Alfa Romeo'),
('T 139 OC', 'Lotus'),
('J 7128 USL', 'Aston Martin'),
('VM 9689 TKF', 'Opel'),
('AQ 7748 DD', 'Ferrari'),
('X 984 VL', 'Honda'),
('J 9990 HY', 'Bentley'),
('IY 824 HWW', 'Mini'),
('W 883 SV', 'Lotus'),
('R 7073 ARV', 'Jaguar'),
('Q 5718 XHM', 'Maserati'),
('G 4685 DK', 'Lotus'),
('FZ 2544 SE', 'Jeep'),
('Y 836 VIA', 'Mercedes-Benz'),
('E 0645 SEW', 'Lotus'),
('U 374 YP', 'Bugatti'),
('SO 4023 TOO', 'Bentley'),
('DA 834 KM', 'Seat'),
('JI 544 JZC', 'Bentley'),
('CZ 680 MEZ', 'Hyundai'),
('V 8081 SU', 'Alfa Romeo'),
('RH 7481 WBV', 'Bugatti'),
('UF 5029 FM', 'Kawasaki'),
('IW 6937 IP', 'McLaren'),
('A 494 ZO', 'Subaru'),
('B 9553 LI', 'Subaru'),
('Q 0201 SIW', 'Ferrari'),
('O 230 UA', 'Volvo'),
('BU 804 LO', 'Lamborghini'),
('YU 7179 YW', 'Volvo'),
('T 5632 DW', 'Volvo'),
('T 299 ZYL', 'Citroen'),
('H 0966 WA', 'Maserati'),
('K 896 MYR', 'Mini'),
('FH 731 WXA', 'Dacia'),
('D 513 YQ', 'Lamborghini'),
('V 138 ZXB', 'Mini'),
('Q 848 VJ', 'Mercedes-Benz'),
('Q 968 FQA', 'Renault'),
('CR 7787 ICI', 'Rolls-Royce'),
('Z 887 WA', 'Bugatti'),
('A 169 ANX', 'Mini'),
('XX 0912 DG', 'Jaguar'),
('N 837 SJX', 'Porsche'),
('UA 310 MAW', 'Bugatti'),
('P 594 LRV', 'Nissan');

INSERT INTO Mobil (ID_Kendaraan, Jumlah_Kursi, Kelas) VALUES
(208, 2, 'Normal'),
(1, 4, 'Vans'),
(221, 5, 'Normal'),
(97, 4, 'Normal'),
(60, 4, 'Vans'),
(9, 7, 'Normal'),
(138, 3, 'SUV'),
(126, 2, 'Normal'),
(147, 4, 'Normal'),
(55, 2, 'Vans'),
(145, 6, 'Normal'),
(248, 8, 'SUV'),
(101, 3, 'Normal'),
(216, 2, 'Normal'),
(165, 4, 'SUV'),
(230, 3, 'Normal'),
(37, 6, 'SUV'),
(244, 3, 'Vans'),
(78, 8, 'Vans'),
(59, 4, 'Normal'),
(100, 3, 'Normal'),
(90, 8, 'SUV'),
(29, 8, 'Vans'),
(54, 5, 'SUV'),
(33, 7, 'Normal'),
(173, 2, 'SUV'),
(28, 7, 'Normal'),
(114, 3, 'Normal'),
(152, 8, 'Normal'),
(150, 7, 'Normal'),
(119, 6, 'Vans'),
(220, 8, 'Normal'),
(243, 2, 'Normal'),
(13, 7, 'Vans'),
(84, 7, 'SUV'),
(39, 2, 'Normal'),
(154, 4, 'SUV'),
(172, 4, 'Normal'),
(210, 3, 'Normal'),
(195, 8, 'SUV'),
(52, 3, 'SUV'),
(168, 4, 'SUV'),
(94, 4, 'SUV'),
(229, 3, 'Vans'),
(80, 3, 'SUV'),
(160, 7, 'SUV'),
(7, 4, 'Normal'),
(188, 4, 'Vans'),
(214, 4, 'SUV'),
(180, 8, 'Normal'),
(44, 6, 'Vans'),
(247, 6, 'SUV'),
(75, 8, 'Vans'),
(46, 6, 'SUV'),
(130, 5, 'Vans'),
(242, 5, 'SUV'),
(122, 8, 'Vans'),
(58, 3, 'Normal'),
(163, 2, 'Vans'),
(98, 6, 'Vans'),
(63, 3, 'Normal'),
(238, 7, 'Normal'),
(212, 8, 'Normal'),
(40, 6, 'Normal'),
(111, 7, 'SUV'),
(107, 4, 'Normal'),
(133, 6, 'SUV'),
(237, 2, 'Normal'),
(65, 4, 'Normal'),
(158, 6, 'Vans'),
(207, 8, 'SUV'),
(226, 7, 'Vans'),
(68, 3, 'Normal'),
(23, 8, 'Vans'),
(21, 3, 'Vans'),
(10, 2, 'SUV'),
(217, 5, 'Normal'),
(51, 4, 'Vans'),
(187, 3, 'Normal'),
(236, 5, 'Normal'),
(189, 7, 'SUV'),
(224, 5, 'Normal'),
(31, 7, 'Normal'),
(139, 3, 'Vans'),
(85, 7, 'Normal'),
(176, 5, 'Normal'),
(72, 7, 'Normal'),
(144, 8, 'Normal'),
(47, 2, 'SUV'),
(169, 4, 'Normal'),
(121, 8, 'Normal'),
(129, 4, 'Normal'),
(134, 5, 'Normal'),
(77, 4, 'SUV'),
(155, 2, 'Vans'),
(35, 4, 'Vans'),
(99, 3, 'Normal'),
(153, 4, 'Normal'),
(109, 7, 'Vans'),
(74, 5, 'Vans'),
(184, 8, 'Normal'),
(88, 2, 'Vans'),
(198, 6, 'Vans'),
(57, 8, 'SUV'),
(132, 6, 'Vans'),
(62, 6, 'Vans'),
(127, 3, 'SUV'),
(108, 5, 'Vans'),
(131, 3, 'Normal'),
(76, 3, 'SUV'),
(143, 2, 'Normal'),
(142, 8, 'SUV'),
(113, 5, 'Normal'),
(89, 5, 'Normal'),
(185, 3, 'Vans'),
(246, 4, 'SUV'),
(203, 2, 'Vans'),
(117, 8, 'SUV'),
(116, 5, 'SUV'),
(183, 4, 'Normal'),
(93, 5, 'SUV'),
(104, 7, 'Normal'),
(125, 7, 'Vans'),
(32, 4, 'Vans'),
(135, 6, 'Vans');

INSERT INTO Motor (ID_Kendaraan, Kapasitas_Mesin) VALUES
(6, 500),
(14, 600),
(34, 700),
(123, 700),
(106, 200),
(50, 800),
(15, 700),
(22, 500),
(61, 300),
(211, 700),
(219, 300),
(241, 500),
(222, 800),
(140, 600),
(42, 500),
(82, 700),
(36, 700),
(178, 900),
(87, 100),
(102, 200),
(120, 600),
(30, 300),
(24, 800),
(227, 600),
(19, 600),
(8, 500),
(115, 300),
(70, 400),
(66, 400),
(137, 100),
(193, 500),
(164, 900),
(12, 300),
(213, 100),
(69, 800),
(96, 800),
(71, 500),
(16, 200),
(103, 100),
(45, 400),
(79, 400),
(151, 800),
(86, 300),
(197, 200),
(105, 200),
(118, 400),
(2, 300),
(56, 800),
(240, 200),
(186, 300),
(124, 500),
(157, 800),
(95, 500),
(234, 400),
(148, 1000),
(192, 200),
(200, 600),
(231, 400),
(162, 100),
(166, 500),
(232, 200),
(206, 500),
(4, 600),
(209, 900),
(177, 200),
(249, 600),
(20, 300),
(83, 400),
(202, 500),
(191, 900),
(239, 700),
(11, 700),
(128, 600),
(156, 500),
(41, 600),
(199, 700),
(48, 600),
(171, 700),
(225, 200),
(196, 900),
(26, 200),
(190, 500),
(64, 300),
(27, 600),
(245, 1000),
(17, 700),
(67, 300),
(223, 600),
(18, 100),
(215, 600),
(38, 600),
(141, 300),
(25, 200),
(136, 700),
(194, 600),
(201, 900),
(149, 400),
(181, 200),
(110, 800),
(146, 900),
(233, 400),
(161, 700),
(182, 600),
(81, 400),
(170, 300),
(53, 600),
(112, 800),
(92, 700),
(175, 700),
(235, 200),
(91, 400),
(73, 300),
(204, 300),
(218, 900),
(179, 200),
(167, 900),
(174, 200),
(3, 900),
(5, 400),
(159, 700),
(43, 200),
(49, 200),
(228, 900),
(250, 800),
(205, 1000);

INSERT INTO Perawatan_Rutin (ID_Layanan, ID_Kendaraan) VALUES
(146, 49),
(55, 160),
(8, 183),
(3, 203),
(109, 162),
(85, 65),
(77, 17),
(74, 11),
(74, 25),
(13, 37),
(48, 51),
(2, 137),
(62, 246),
(134, 2),
(89, 137),
(104, 132),
(87, 54),
(112, 211),
(6, 220),
(35, 222),
(89, 65),
(82, 140),
(112, 79),
(9, 45),
(35, 9),
(124, 233),
(9, 245),
(104, 101),
(28, 20),
(146, 18),
(9, 139),
(86, 40),
(64, 177),
(52, 8),
(109, 237),
(84, 237),
(59, 216),
(132, 113),
(135, 144),
(16, 225),
(42, 209),
(149, 2),
(40, 166),
(61, 17),
(14, 26),
(14, 180),
(149, 102),
(137, 113),
(98, 35),
(10, 108);

INSERT INTO Asuransi (ID_Layanan, ID_Kendaraan) VALUES
(131, 107),
(66, 106),
(141, 236),
(18, 115),
(115, 228),
(131, 64),
(80, 149),
(145, 23),
(145, 120),
(113, 72),
(96, 93),
(33, 4),
(58, 209),
(140, 159),
(18, 175),
(138, 92),
(65, 212),
(51, 48),
(102, 229),
(88, 41),
(117, 117),
(57, 144),
(144, 53),
(36, 50),
(105, 194),
(81, 118),
(60, 32),
(36, 150),
(114, 39),
(138, 243),
(131, 10),
(114, 4),
(15, 116),
(129, 113),
(97, 42),
(93, 4),
(91, 190),
(66, 122),
(117, 235),
(45, 200),
(45, 164),
(53, 52),
(33, 159),
(113, 208),
(93, 41),
(76, 117),
(60, 171),
(126, 36),
(93, 126),
(17, 74);

INSERT INTO Pelanggan (NIK, Nama, Email, No_Telp) VALUES
(1, 'R. Rika Irawan', 'maryatiwisnu@example.org', '+62-006-124-1259'),
(2, 'Langgeng Sihotang', 'akarsana01@example.net', '+62 (0254) 605 7024'),
(3, 'Sutan Kala Siregar, M.Ak', 'umansur@example.com', '+62 (43) 921 6167'),
(4, 'Zizi Sinaga, S.E.I', 'setya27@example.org', '(039) 916 9416'),
(5, 'Reksa Wijayanti', 'estiawanmegantara@example.net', '+62 (0882) 898 3048'),
(6, 'Cahyono Dabukke', 'wutama@example.org', '+62 (048) 074 1739'),
(7, 'Ulya Sitompul', 'jindrawulandari@example.com', '+62 (0196) 111-5718'),
(8, 'Drs. Sakura Salahudin', 'pdabukke@example.net', '+62-092-098-6623'),
(9, 'Elvina Maryadi', 'hassanahmala@example.org', '(081) 474 6595'),
(10, 'Bella Widiastuti', 'suryonodalima@example.net', '0854097440'),
(11, 'Dasa Mayasari', 'prabakusumo@example.org', '(078) 157 4617'),
(12, 'Tgk. Elvina Wasita, M.TI.', 'dian86@example.com', '(003) 746 7791'),
(13, 'Damar Pratama', 'gandiusamah@example.org', '(033) 552-1494'),
(14, 'Hj. Kartika Najmudin', 'palastricahya@example.com', '+62 (064) 528 5851'),
(15, 'Koko Situmorang', 'luthfi11@example.com', '+62 (0526) 324 0800'),
(16, 'Dr. Cindy Firmansyah', 'nilam66@example.net', '+62 (498) 862-6747'),
(17, 'Warsa Halimah', 'novitasarijaya@example.org', '(043) 325-2624'),
(18, 'R.A. Ulya Januar', 'gilangmardhiyah@example.org', '+62 (78) 383-2693'),
(19, 'Ajimin Maheswara, S.Kom', 'mulyono43@example.net', '+62 (0296) 171-2158'),
(20, 'Jasmin Wibisono', 'gunartosamiah@example.org', '+62 (0006) 734-5066'),
(21, 'Ibrahim Winarno', 'mandasarihafshah@example.com', '(021) 051 7208'),
(22, 'Dr. Adhiarja Wijaya', 'syuniar@example.org', '+62 (0974) 902 7422'),
(23, 'drg. Agnes Widiastuti, S.Farm', 'budi77@example.org', '+62-076-887-6790'),
(24, 'dr. Balijan Wahyudin, S.Kom', 'talia31@example.org', '(0401) 153 9831'),
(25, 'Padmi Damanik', 'vpermadi@example.com', '+62-0454-793-6531'),
(26, 'Nalar Firmansyah', 'prakasaupik@example.net', '+62 (062) 910-8790'),
(27, 'Tgk. Rika Padmasari', 'marbunmurti@example.com', '+62 (66) 158-2093'),
(28, 'Sutan Gara Sihotang', 'gaimanrahimah@example.org', '+62-710-170-1862'),
(29, 'Hadi Laksmiwati', 'mandasariophelia@example.net', '+62 (0425) 919-2323'),
(30, 'Tgk. Halim Pradana, S.IP', 'darmana82@example.net', '(0724) 480-6184'),
(31, 'Simon Sudiati', 'wirda54@example.net', '+62 (47) 849-5406'),
(32, 'Prasetyo Wastuti', 'hadi41@example.com', '(0292) 050 5391'),
(33, 'drg. Yuni Prayoga', 'azalea26@example.com', '+62 (0622) 063 5657'),
(34, 'Cagak Santoso', 'darmantowinarsih@example.org', '+62 (98) 006-3836'),
(35, 'Cawuk Maulana, S.E.I', 'hastutigaiman@example.com', '+62 (0671) 030-2898'),
(36, 'Hj. Gawati Nasyiah', 'karta76@example.org', '+62-0060-440-1358'),
(37, 'Nardi Pudjiastuti', 'qsuryono@example.net', '080 374 5050'),
(38, 'Paris Sihombing', 'simanjuntakbambang@example.org', '+62 (95) 310 0303'),
(39, 'Sutan Waluyo Fujiati', 'ibrahim89@example.com', '(031) 829-3267'),
(40, 'Dr. Baktiadi Purwanti, M.M.', 'nbudiman@example.org', '+62-98-604-2200'),
(41, 'Vicky Anggraini', 'primahassanah@example.org', '+62 (91) 971 6050'),
(42, 'Sutan Ghani Lestari, S.IP', 'xtarihoran@example.com', '+62 (51) 743-0500'),
(43, 'Rachel Siregar', 'ganep62@example.org', '0828163721'),
(44, 'Queen Jailani, S.E.I', 'agus77@example.net', '+62 (0949) 101-7002'),
(45, 'Maryadi Siregar', 'dalimanirawan@example.com', '(0190) 917-0666'),
(46, 'Drajat Maulana', 'ridwan54@example.net', '(0356) 292 7343'),
(47, 'H. Hendra Puspasari, S.E.', 'amangunsong@example.org', '0866466417'),
(48, 'R.M. Okto Fujiati, S.E.I', 'tarimustofa@example.org', '0853653648'),
(49, 'Lulut Andriani, S.T.', 'opheliayuniar@example.com', '0803442438'),
(50, 'Ian Prabowo', 'kurniawansakti@example.org', '(076) 719 1117');

INSERT INTO Pegawai (NIP, Nama, Email, No_Telp, Jabatan, Atasan) VALUES
(1, 'drg. Mursinin Lailasari', 'smustofa@example.com', '(0515) 014 8743', 'technician', 88),
(2, 'Drs. Utama Anggriawan, M.Ak', 'jnababan@example.com', '080 311 4786', 'sales', 19),
(3, 'Ellis Rahayu', 'adhiarjamarbun@example.com', '+62 (033) 281-9825', 'supervisor', 95),
(4, 'Ida Purnawati', 'vdabukke@example.org', '+62 (0143) 801 2654', 'manager', 89),
(5, 'Shakila Wibowo', 'situmorangalika@example.net', '+62 (0810) 987-5212', 'sales', 28),
(6, 'Viman Hutasoit', 'naradi66@example.org', '(021) 066 1242', 'technician', 7),
(7, 'Vera Wijaya', 'habibikayla@example.net', '+62 (0283) 785-2474', 'supervisor', 77),
(8, 'dr. Darimin Susanti, S.Gz', 'martaka23@example.com', '0872458107', 'staff', 30),
(9, 'Ir. Warji Hassanah', 'sprasasta@example.org', '083 952 0139', 'sales', 79),
(10, 'Yulia Purnawati', 'nugroholili@example.net', '(083) 758 2603', 'director', NULL),
(11, 'Satya Setiawan', 'lmulyani@example.net', '+62-0027-505-4388', 'customer service', 46),
(12, 'Rachel Laksita, M.Pd', 'permadianita@example.com', '+62 (018) 087-7401', 'manager', 82),
(13, 'Victoria Nasyidah', 'nainggolanadiarja@example.net', '+62 (0102) 509-5878', 'staff', 68),
(14, 'Julia Oktaviani, M.TI.', 'klaksita@example.net', '+62 (0496) 786-2240', 'director', NULL),
(15, 'Febi Pratama', 'iriana18@example.org', '+62 (007) 910-6261', 'supervisor', 66),
(16, 'Ana Tarihoran', 'thamrindewi@example.net', '+62 (0204) 757-4789', 'marketing', 79),
(17, 'Febi Mahendra', 'amelialaksita@example.org', '+62 (69) 052-0884', 'driver', 30),
(18, 'Drs. Najam Lazuardi', 'duyainah@example.com', '+62 (54) 295-4700', 'director', NULL),
(19, 'KH. Darimin Iswahyudi', 'upranowo@example.net', '+62-13-365-6427', 'manager', 56),
(20, 'Dr. Karta Laksmiwati, S.Kom', 'vanyafirgantoro@example.com', '+62 (99) 006-8805', 'manager', 59),
(21, 'drg. Rangga Hartati', 'mahfud30@example.net', '(0631) 944-9886', 'sales', 74),
(22, 'Natalia Sihombing', 'zusamah@example.com', '(098) 005-7384', 'customer service', 3),
(23, 'Ir. Purwa Tamba', 'asmuni13@example.net', '+62-712-920-3775', 'supervisor', 19),
(24, 'dr. Harto Hutasoit', 'dwi85@example.net', '+62-073-871-3052', 'driver', 46),
(25, 'Puti Kezia Hasanah', 'bkusmawati@example.net', '+62 (63) 099-4018', 'director', NULL),
(26, 'Ir. Almira Dongoran, S.E.', 'lega34@example.net', '(094) 349 6576', 'driver', 53),
(27, 'Rina Wasita', 'kurniaiswahyudi@example.com', '+62 (99) 436 0979', 'sales', 4),
(28, 'Pia Thamrin', 'kagustina@example.net', '+62 (0872) 012-4486', 'manager', 10),
(29, 'Aditya Saputra', 'hardana19@example.net', '+62 (706) 275 2793', 'manager', 51),
(30, 'Jati Rahimah', 'mangunsongartawan@example.org', '+62-47-134-6872', 'supervisor', 93),
(31, 'Dt. Prima Mangunsong, S.IP', 'mkusumo@example.org', '(0114) 842 0724', 'sales', 90),
(32, 'Jumadi Lailasari', 'nwidodo@example.net', '(099) 499 9057', 'director', NULL),
(33, 'Dr. Estiawan Marpaung', 'ihsan42@example.com', '(071) 607-4346', 'staff', 46),
(34, 'Uli Waluyo', 'waluyonajwa@example.com', '+62-782-704-2081', 'technician', 30),
(35, 'Raina Hastuti', 'makuta42@example.net', '+62-0333-465-7104', 'driver', 53),
(36, 'Gaduh Gunawan', 'wasis28@example.net', '+62 (46) 871-9938', 'driver', 30),
(37, 'Wardi Usada, M.TI.', 'joko65@example.net', '(0044) 920-6919', 'staff', 53),
(38, 'Danang Haryanti', 'mahesa39@example.org', '084 718 6474', 'technician', 30),
(39, 'dr. Hilda Yuliarti', 'usadacawisono@example.org', '(0032) 198-6459', 'staff', 7),
(40, 'Eli Handayani', 'hprabowo@example.com', '+62-073-773-1416', 'supervisor', 74),
(41, 'Maras Maryadi', 'cemetihidayat@example.org', '(049) 512 2674', 'supervisor', 77),
(42, 'Karimah Namaga, S.H.', 'cengkir80@example.org', '082 939 6260', 'supervisor', 4),
(43, 'H. Raihan Gunawan, M.Pd', 'usadaeko@example.net', '+62 (609) 598 0738', 'staff', 42),
(44, 'Drs. Pangestu Kusmawati, S.IP', 'kasusra52@example.net', '0842699882', 'technician', 15),
(45, 'Makara Maryati', 'ssusanti@example.com', '+62-032-180-0566', 'technician', 94),
(46, 'Karja Namaga', 'anirahmawati@example.net', '086 424 9988', 'supervisor', 28),
(47, 'Restu Sihotang, S.Pd', 'gpurnawati@example.com', '+62-099-916-4964', 'supervisor', 79),
(48, 'Drs. Ibrani Safitri, S.IP', 'putrimahendra@example.com', '+62 (0601) 740-9588', 'driver', 50),
(49, 'R. Jessica Wahyudin, M.Farm', 'firmansyahkusuma@example.org', '(0396) 875-2676', 'sales', 19),
(50, 'Jati Hasanah', 'samsulmardhiyah@example.com', '(060) 774-0979', 'supervisor', 12),
(51, 'Warji Yolanda', 'purwantijasmani@example.net', '+62-0518-525-6853', 'director', NULL),
(52, 'Alika Winarno, S.Kom', 'purwa85@example.com', '+62-626-212-5085', 'marketing', 95),
(53, 'Artanto Wacana', 'nardi28@example.com', '+62 (264) 783-1864', 'supervisor', 20),
(54, 'drg. Umi Habibi', 'nurainirendy@example.net', '0892861956', 'supervisor', 77),
(55, 'Jarwi Nainggolan, M.Ak', 'damu99@example.net', '+62 (397) 367-1153', 'sales', 74),
(56, 'Sutan Hardana Lazuardi', 'santosoganda@example.com', '+62 (335) 267-3958', 'director', NULL),
(57, 'Parman Hutagalung', 'bancar51@example.net', '+62-13-248-3748', 'marketing', 66),
(58, 'Puti Ardianto', 'dhalim@example.net', '(0175) 221-7506', 'supervisor', 12),
(59, 'Lintang Siregar', 'gandewa52@example.net', '+62 (0854) 238 7697', 'director', NULL),
(60, 'Asirwada Pratiwi', 'gada53@example.com', '+62 (079) 250 4537', 'staff', 88),
(61, 'Cut Oni Sihotang, S.Sos', 'gina53@example.net', '(056) 946-8550', 'customer service', 88),
(62, 'Oliva Sihombing, S.Kom', 'jsuryatmi@example.net', '+62 (059) 741-7588', 'staff', 30),
(63, 'Harsaya Hasanah', 'marpaungsatya@example.net', '(0140) 101-6302', 'technician', 68),
(64, 'Martaka Zulaika', 'umustofa@example.com', '+62 (0164) 744 7924', 'driver', 15),
(65, 'Drs. Gamblang Hidayat', 'nurainihendri@example.net', '087 236 3957', 'sales', 19),
(66, 'Manah Susanti', 'jaka37@example.net', '(066) 104 7741', 'manager', 59),
(67, 'Elon Permata', 'nnababan@example.net', '+62 (0451) 321-3384', 'technician', 86),
(68, 'Lulut Safitri', 'januardinda@example.org', '(049) 290-5500', 'supervisor', 93),
(69, 'R.M. Makuta Pangestu, S.Pt', 'elvina94@example.org', '+62 (02) 243 1585', 'sales', 77),
(70, 'Jelita Usamah', 'mutiaputra@example.org', '+62 (118) 196-4046', 'director', NULL),
(71, 'Lamar Saptono', 'adepadmasari@example.org', '+62-30-940-3101', 'driver', 86),
(72, 'Yance Nababan', 'harto95@example.org', '(042) 759 4437', 'technician', 15),
(73, 'Narji Natsir', 'lsuartini@example.net', '(0086) 157-0620', 'technician', 15),
(74, 'Kadir Dabukke', 'maheswaraviolet@example.org', '+62 (040) 295 8841', 'manager', 82),
(75, 'Violet Puspita', 'ivan17@example.com', '+62 (17) 000 5371', 'marketing', 29),
(76, 'Ganjaran Agustina, S.H.', 'ywidiastuti@example.com', '+62 (30) 885-9548', 'sales', 28),
(77, 'Caturangga Rahmawati', 'padmasaripandu@example.org', '+62 (60) 769-9469', 'manager', 56),
(78, 'Natalia Hastuti', 'tambaclara@example.org', '0809721739', 'sales', 20),
(79, 'Galang Winarno, S.Psi', 'msitumorang@example.net', '+62 (36) 745 7170', 'manager', 51),
(80, 'Harto Rahmawati', 'lasmono79@example.net', '(0347) 110-5968', 'marketing', 66),
(81, 'Mila Irawan', 'lukman86@example.org', '(090) 519 1262', 'marketing', 29),
(82, 'Reksa Pratiwi', 'srahimah@example.com', '+62-094-404-0460', 'director', NULL),
(83, 'Tina Hartati', 'olga09@example.net', '086 691 6793', 'director', NULL),
(84, 'R.M. Purwadi Hartati, S.Pt', 'hmandala@example.net', '+62 (017) 711 7817', 'customer service', 42),
(85, 'Drs. Tasnim Mayasari', 'pwasita@example.com', '+62 (094) 527-0333', 'staff', 50),
(86, 'drg. Maida Tarihoran', 'yhutagalung@example.com', '+62 (01) 564-2253', 'supervisor', 4),
(87, 'Rangga Widodo', 'bancarprayoga@example.org', '+62 (167) 045-5812', 'technician', 3),
(88, 'Nyoman Iswahyudi', 'mahdisaefullah@example.com', '084 479 6417', 'supervisor', 90),
(89, 'Nova Pratiwi', 'eli04@example.com', '(049) 532-7898', 'director', NULL),
(90, 'Jasmin Permadi', 'pertiwisurya@example.org', '+62 (644) 291-4068', 'manager', 10),
(91, 'Nurul Lestari, S.Ked', 'palastrihumaira@example.net', '+62-098-839-7214', 'sales', 79),
(92, 'Cinthia Rahimah', 'damanikdimaz@example.org', '(094) 550 8568', 'staff', 58),
(93, 'Mala Damanik, M.Farm', 'ajeng33@example.org', '+62 (0577) 817 7259', 'manager', 59),
(94, 'Nurul Sitompul', 'ikusmawati@example.net', '+62-610-594-2314', 'supervisor', 66),
(95, 'Jasmani Najmudin', 'nasimprabowo@example.net', '+62 (0461) 451-0870', 'manager', 59),
(96, 'Aditya Sitorus', 'yprasasta@example.org', '+62 (059) 418 2778', 'staff', 7),
(97, 'R.M. Galih Sirait', 'winarnocici@example.org', '+62 (28) 662 2890', 'marketing', 93),
(98, 'Zulfa Gunarto', 'vmangunsong@example.com', '(0959) 474-1866', 'technician', 30),
(99, 'Bakti Hartati', 'cengkal09@example.net', '(0401) 666 2272', 'sales', 19),
(100, 'Drs. Wasis Utami', 'tiara71@example.net', '+62 (045) 501-5305', 'customer service', 86);

INSERT INTO Peminjaman (ID_Peminjaman, Status_Peminjaman, Tanggal_Peminjaman, Tanggal_Pengembalian) VALUES
(1, 'Pending', '2024-05-16', '2024-05-24'),
(2, 'Returned', '2024-04-17', '2024-04-20'),
(3, 'Rented', '2024-04-11', '2024-05-17'),
(4, 'Pending', '2024-05-26', '2024-05-28'),
(5, 'Returned', '2024-04-15', '2024-04-17'),
(6, 'Returned', '2024-04-13', '2024-04-28'),
(7, 'Returned', '2024-04-10', '2024-04-20'),
(8, 'Pending', '2024-05-27', '2024-05-27'),
(9, 'Returned', '2024-04-16', '2024-04-17'),
(10, 'Pending', '2024-06-02', '2024-06-02'),
(11, 'Returned', '2024-04-11', '2024-04-24'),
(12, 'Returned', '2024-04-26', '2024-04-29'),
(13, 'Pending', '2024-05-08', '2024-05-19'),
(14, 'Pending', '2024-05-24', '2024-05-26'),
(15, 'Returned', '2024-04-19', '2024-04-24'),
(16, 'Returned', '2024-04-18', '2024-04-30'),
(17, 'Returned', '2024-04-28', '2024-05-02'),
(18, 'Pending', '2024-05-23', '2024-05-30'),
(19, 'Pending', '2024-05-07', '2024-05-13'),
(20, 'Returned', '2024-04-11', '2024-04-25'),
(21, 'Rented', '2024-04-14', '2024-05-18'),
(22, 'Returned', '2024-04-04', '2024-04-21'),
(23, 'Returned', '2024-04-15', '2024-04-23'),
(24, 'Rented', '2024-04-23', '2024-05-26'),
(25, 'Rented', '2024-05-02', '2024-05-16'),
(26, 'Pending', '2024-05-25', '2024-05-27'),
(27, 'Returned', '2024-04-16', '2024-04-25'),
(28, 'Pending', '2024-05-18', '2024-05-18'),
(29, 'Returned', '2024-04-06', '2024-04-12'),
(30, 'Pending', '2024-06-02', '2024-06-02'),
(31, 'Returned', '2024-04-16', '2024-04-23'),
(32, 'Pending', '2024-05-25', '2024-05-29'),
(33, 'Rented', '2024-04-04', '2024-05-20'),
(34, 'Rented', '2024-05-01', '2024-05-29'),
(35, 'Returned', '2024-04-19', '2024-04-22'),
(36, 'Rented', '2024-04-24', '2024-05-15'),
(37, 'Returned', '2024-04-06', '2024-04-22'),
(38, 'Returned', '2024-04-27', '2024-04-27'),
(39, 'Returned', '2024-05-02', '2024-05-02'),
(40, 'Returned', '2024-04-06', '2024-04-29'),
(41, 'Returned', '2024-04-10', '2024-04-26'),
(42, 'Returned', '2024-04-28', '2024-04-29'),
(43, 'Returned', '2024-04-23', '2024-04-24'),
(44, 'Rented', '2024-05-01', '2024-06-02'),
(45, 'Pending', '2024-05-11', '2024-05-27'),
(46, 'Pending', '2024-05-12', '2024-05-12'),
(47, 'Rented', '2024-04-08', '2024-05-24'),
(48, 'Rented', '2024-04-30', '2024-06-02'),
(49, 'Pending', '2024-05-10', '2024-05-23'),
(50, 'Rented', '2024-04-18', '2024-05-10'),
(51, 'Returned', '2024-04-24', '2024-04-26'),
(52, 'Rented', '2024-04-09', '2024-05-24'),
(53, 'Pending', '2024-05-21', '2024-06-01'),
(54, 'Returned', '2024-04-20', '2024-04-28'),
(55, 'Rented', '2024-04-06', '2024-05-22'),
(56, 'Pending', '2024-05-12', '2024-05-21'),
(57, 'Returned', '2024-04-27', '2024-05-02'),
(58, 'Rented', '2024-04-16', '2024-05-31'),
(59, 'Returned', '2024-04-09', '2024-04-14'),
(60, 'Rented', '2024-04-18', '2024-05-27'),
(61, 'Pending', '2024-05-22', '2024-05-25'),
(62, 'Returned', '2024-04-26', '2024-04-28'),
(63, 'Rented', '2024-04-21', '2024-05-24'),
(64, 'Rented', '2024-04-12', '2024-05-18'),
(65, 'Rented', '2024-04-12', '2024-05-19'),
(66, 'Pending', '2024-05-14', '2024-05-14'),
(67, 'Returned', '2024-04-14', '2024-05-01'),
(68, 'Pending', '2024-05-26', '2024-05-30'),
(69, 'Returned', '2024-04-14', '2024-04-21'),
(70, 'Rented', '2024-04-06', '2024-05-30'),
(71, 'Pending', '2024-05-26', '2024-06-02'),
(72, 'Rented', '2024-04-13', '2024-05-16'),
(73, 'Returned', '2024-04-29', '2024-05-01'),
(74, 'Rented', '2024-05-01', '2024-05-06'),
(75, 'Returned', '2024-04-07', '2024-04-08'),
(76, 'Returned', '2024-04-19', '2024-04-30'),
(77, 'Returned', '2024-04-29', '2024-04-29'),
(78, 'Returned', '2024-04-14', '2024-04-27'),
(79, 'Returned', '2024-04-08', '2024-04-12'),
(80, 'Rented', '2024-04-07', '2024-05-14'),
(81, 'Returned', '2024-05-02', '2024-05-02'),
(82, 'Returned', '2024-04-23', '2024-04-29'),
(83, 'Pending', '2024-06-02', '2024-06-02'),
(84, 'Returned', '2024-04-16', '2024-04-21'),
(85, 'Returned', '2024-04-23', '2024-04-26'),
(86, 'Returned', '2024-04-05', '2024-04-27'),
(87, 'Rented', '2024-04-29', '2024-05-20'),
(88, 'Rented', '2024-04-27', '2024-05-07'),
(89, 'Pending', '2024-05-05', '2024-05-29'),
(90, 'Pending', '2024-05-06', '2024-05-18'),
(91, 'Rented', '2024-04-16', '2024-05-29'),
(92, 'Pending', '2024-05-25', '2024-05-28'),
(93, 'Pending', '2024-05-31', '2024-06-01'),
(94, 'Returned', '2024-05-02', '2024-05-02'),
(95, 'Pending', '2024-05-29', '2024-06-01'),
(96, 'Pending', '2024-05-06', '2024-05-16'),
(97, 'Rented', '2024-04-10', '2024-05-31'),
(98, 'Returned', '2024-04-15', '2024-04-28'),
(99, 'Rented', '2024-04-27', '2024-06-01'),
(100, 'Returned', '2024-04-29', '2024-05-02');

INSERT INTO Detail_Peminjaman (ID_Peminjaman, ID_Kendaraan, Total_Harga, Jumlah) VALUES
(8, 32, 749000, 4),
(30, 137, 363000, 10),
(83, 234, 836000, 5),
(39, 214, 545000, 1),
(37, 14, 661000, 7),
(24, 26, 770000, 9),
(18, 11, 430000, 2),
(11, 70, 133000, 7),
(34, 26, 494000, 1),
(56, 145, 314000, 5),
(38, 127, 251000, 3),
(94, 32, 625000, 3),
(49, 146, 612000, 7),
(1, 120, 204000, 7),
(71, 233, 266000, 6),
(30, 136, 483000, 6),
(93, 208, 299000, 9),
(47, 236, 124000, 8),
(99, 162, 545000, 9),
(36, 47, 959000, 4),
(95, 226, 176000, 1),
(36, 9, 808000, 10),
(19, 65, 601000, 10),
(24, 126, 637000, 6),
(23, 54, 528000, 8),
(79, 202, 601000, 7),
(2, 102, 274000, 3),
(79, 188, 252000, 9),
(54, 133, 420000, 4),
(69, 187, 244000, 2),
(12, 169, 115000, 7),
(6, 228, 956000, 5),
(54, 86, 339000, 4),
(45, 243, 642000, 5),
(47, 96, 537000, 3),
(93, 190, 374000, 9),
(10, 7, 696000, 4),
(15, 183, 416000, 10),
(68, 213, 250000, 6),
(34, 82, 523000, 8),
(70, 65, 535000, 8),
(31, 27, 533000, 8),
(83, 88, 536000, 7),
(47, 112, 618000, 5),
(11, 216, 170000, 2),
(43, 116, 109000, 7),
(79, 51, 170000, 7),
(18, 168, 372000, 6),
(30, 111, 602000, 9),
(27, 222, 729000, 9),
(46, 71, 653000, 8),
(80, 68, 104000, 4),
(13, 227, 823000, 10),
(9, 191, 536000, 5),
(86, 192, 755000, 3),
(99, 131, 281000, 5),
(67, 55, 766000, 8),
(90, 64, 470000, 4),
(83, 80, 666000, 5),
(62, 154, 914000, 9),
(10, 202, 649000, 5),
(92, 34, 853000, 4),
(87, 127, 672000, 1),
(77, 3, 898000, 8),
(77, 16, 220000, 2),
(13, 242, 782000, 10),
(74, 116, 371000, 2),
(25, 75, 636000, 2),
(29, 53, 451000, 10),
(16, 201, 556000, 5),
(15, 118, 887000, 6),
(47, 70, 583000, 1),
(51, 135, 305000, 9),
(83, 23, 658000, 8),
(66, 169, 183000, 3),
(38, 124, 482000, 3),
(86, 87, 997000, 4),
(56, 211, 295000, 1),
(14, 10, 148000, 3),
(82, 34, 629000, 2),
(13, 12, 806000, 7),
(83, 218, 227000, 10),
(51, 127, 472000, 1),
(92, 224, 412000, 5),
(71, 6, 179000, 3),
(81, 184, 846000, 10),
(52, 145, 443000, 6),
(5, 117, 146000, 10),
(47, 26, 283000, 6),
(26, 246, 302000, 6),
(9, 135, 753000, 4),
(85, 169, 205000, 8),
(95, 249, 719000, 8),
(17, 148, 132000, 7),
(9, 245, 710000, 8),
(36, 89, 523000, 8),
(51, 42, 475000, 5),
(31, 85, 935000, 2),
(98, 93, 117000, 9),
(52, 113, 921000, 7),
(74, 167, 1000000, 10),
(18, 152, 704000, 9),
(83, 245, 829000, 1),
(9, 81, 433000, 7),
(22, 213, 144000, 1),
(82, 14, 566000, 2),
(22, 134, 952000, 10),
(71, 98, 402000, 4),
(22, 189, 125000, 4),
(37, 123, 128000, 3),
(87, 8, 565000, 9),
(35, 205, 289000, 7),
(47, 87, 658000, 8),
(87, 76, 751000, 1),
(37, 37, 784000, 2),
(9, 110, 407000, 4),
(48, 202, 550000, 3),
(23, 128, 889000, 5),
(20, 94, 866000, 8),
(67, 154, 540000, 7),
(31, 113, 666000, 2),
(42, 187, 556000, 7),
(5, 191, 200000, 8),
(53, 246, 446000, 7),
(49, 164, 143000, 3),
(34, 21, 823000, 5),
(21, 72, 821000, 10),
(20, 191, 699000, 9),
(59, 238, 245000, 10),
(56, 233, 518000, 1),
(59, 163, 222000, 4),
(66, 168, 823000, 10),
(14, 207, 202000, 9),
(76, 218, 696000, 8),
(36, 219, 736000, 3),
(32, 68, 558000, 10),
(67, 13, 722000, 1),
(96, 233, 602000, 5),
(46, 241, 315000, 2),
(53, 144, 501000, 4),
(84, 116, 937000, 3),
(56, 110, 132000, 1),
(72, 14, 392000, 6),
(74, 43, 310000, 2),
(73, 224, 782000, 2),
(79, 137, 165000, 4),
(60, 190, 942000, 7),
(95, 215, 703000, 6),
(67, 205, 778000, 6),
(79, 111, 244000, 4),
(90, 141, 229000, 3),
(81, 137, 784000, 9),
(14, 186, 902000, 10),
(81, 249, 879000, 6),
(11, 118, 195000, 1),
(33, 128, 868000, 5),
(12, 109, 284000, 9),
(18, 43, 894000, 1),
(26, 161, 258000, 4),
(49, 206, 966000, 4),
(36, 103, 620000, 8),
(95, 126, 986000, 2),
(30, 192, 911000, 4),
(21, 171, 116000, 4),
(18, 229, 909000, 6),
(15, 136, 335000, 4),
(79, 160, 759000, 4),
(78, 205, 661000, 10),
(95, 247, 884000, 5),
(92, 228, 655000, 3),
(32, 106, 439000, 6),
(92, 144, 957000, 7),
(95, 250, 769000, 10),
(9, 186, 131000, 9),
(1, 48, 986000, 7),
(36, 211, 819000, 8),
(97, 175, 273000, 8),
(45, 134, 445000, 5),
(66, 222, 248000, 6),
(15, 215, 299000, 1),
(2, 129, 626000, 3),
(91, 20, 271000, 2),
(58, 184, 362000, 4),
(61, 249, 299000, 3),
(86, 188, 167000, 7),
(22, 179, 469000, 2),
(7, 127, 785000, 9),
(78, 88, 198000, 1),
(94, 31, 521000, 7),
(46, 146, 868000, 2),
(20, 164, 194000, 7),
(53, 207, 983000, 7),
(29, 57, 536000, 6),
(58, 229, 488000, 3),
(37, 74, 979000, 5),
(6, 110, 866000, 4),
(99, 95, 122000, 2),
(82, 91, 473000, 6),
(56, 32, 226000, 1),
(39, 180, 280000, 5);

INSERT INTO Pelayanan (ID_Peminjaman, ID_Kendaraan, NIK) VALUES
(35, 93, 25),
(88, 134, 30),
(50, 43, 2),
(67, 179, 8),
(74, 36, 50),
(76, 166, 29),
(23, 243, 33),
(73, 179, 2),
(23, 58, 8),
(16, 108, 46),
(65, 170, 35),
(99, 241, 25),
(14, 118, 31),
(53, 55, 10),
(36, 12, 33),
(52, 101, 9),
(32, 105, 7),
(64, 58, 48),
(56, 36, 27),
(59, 5, 20),
(90, 218, 45),
(58, 24, 29),
(26, 58, 5),
(33, 40, 24),
(3, 207, 10),
(73, 33, 21),
(42, 201, 39),
(82, 157, 29),
(9, 75, 5),
(62, 173, 17),
(59, 150, 39),
(99, 184, 9),
(47, 101, 10),
(28, 176, 44),
(94, 11, 21),
(43, 35, 1),
(45, 38, 17),
(65, 66, 7),
(93, 38, 26),
(16, 49, 40),
(96, 101, 16),
(72, 124, 43),
(92, 212, 8),
(91, 155, 13),
(9, 95, 46),
(44, 241, 38),
(4, 44, 27),
(19, 5, 22),
(40, 135, 36),
(59, 247, 15),
(85, 70, 14),
(49, 136, 7),
(21, 38, 29),
(76, 141, 20),
(50, 226, 6),
(51, 94, 31),
(21, 6, 33),
(71, 107, 9),
(50, 140, 3),
(18, 29, 37),
(65, 152, 11),
(48, 235, 1),
(46, 239, 44),
(17, 113, 37),
(49, 181, 5),
(21, 66, 17),
(30, 104, 37),
(78, 189, 48),
(81, 159, 41),
(60, 193, 28),
(47, 233, 12),
(36, 95, 44),
(82, 124, 26),
(70, 109, 29),
(68, 211, 12),
(23, 78, 11),
(5, 76, 20),
(19, 177, 42),
(49, 166, 16),
(86, 9, 43),
(12, 223, 31),
(63, 51, 19),
(15, 144, 23),
(27, 150, 12),
(23, 198, 15),
(35, 128, 11),
(55, 121, 2),
(7, 121, 23),
(48, 28, 26),
(20, 172, 39),
(28, 109, 41),
(53, 174, 24),
(55, 161, 25),
(50, 51, 34),
(32, 211, 18),
(61, 188, 11),
(50, 51, 50),
(70, 34, 46),
(5, 165, 38),
(21, 92, 33);

